{"ts":"2026-09-01T21:38:05-03:00","ruta":"index.php","metodo":"GET","duracion_ms":646.2,"memoria_mb":8,"status":200}
{"ts":"2026-09-01T21:38:44-03:00","ruta":"diagnostico_depuracion.php","metodo":"GET","duracion_ms":734,"memoria_mb":6,"status":200}
{"ts":"2026-09-01T21:39:21-03:00","ruta":"diagnostico_depuracion.php","metodo":"GET","duracion_ms":722.7,"memoria_mb":6,"status":200}
{"ts":"2026-09-01T21:39:40-03:00","ruta":"index.php","metodo":"GET","duracion_ms":669.6,"memoria_mb":6,"status":200}
{"ts":"2026-09-01T21:41:15-03:00","ruta":"index.php","metodo":"GET","duracion_ms":607.3,"memoria_mb":6,"status":200}
{"ts":"2026-09-01T21:42:01-03:00","ruta":"index.php","metodo":"GET","duracion_ms":619.5,"memoria_mb":6,"status":200}
{"ts":"2026-09-01T21:42:03-03:00","ruta":"index.php","metodo":"GET","duracion_ms":621.6,"memoria_mb":6,"status":200}
{"ts":"2026-09-01T21:46:05-03:00","ruta":"diagnostico_depuracion.php","metodo":"GET","duracion_ms":748,"memoria_mb":6,"status":200}
{"ts":"2026-09-01T21:46:14-03:00","ruta":"diagnostico_depuracion.php","metodo":"GET","duracion_ms":640.2,"memoria_mb":6,"status":200}
{"ts":"2026-09-01T21:46:22-03:00","ruta":"index.php","metodo":"GET","duracion_ms":614.5,"memoria_mb":6,"status":200}
{"ts":"2026-09-01T22:12:50-03:00","ruta":"index.php","metodo":"GET","duracion_ms":611.1,"memoria_mb":6,"status":200}
{"ts":"2026-09-01T22:14:59-03:00","ruta":"index.php","metodo":"GET","duracion_ms":618.2,"memoria_mb":6,"status":200}
{"ts":"2026-09-01T22:15:07-03:00","ruta":"comercial.php","metodo":"GET","duracion_ms":515.7,"memoria_mb":4,"status":200}
{"ts":"2026-09-01T22:18:07-03:00","ruta":"comercial.php","metodo":"GET","duracion_ms":510.2,"memoria_mb":4,"status":200}
{"ts":"2026-09-01T22:18:12-03:00","ruta":"index.php","metodo":"GET","duracion_ms":602.2,"memoria_mb":6,"status":200}
{"ts":"2026-09-01T22:18:36-03:00","ruta":"index.php","metodo":"GET","duracion_ms":592.2,"memoria_mb":6,"status":200}
{"ts":"2026-09-01T22:29:12-03:00","ruta":"index.php","metodo":"GET","duracion_ms":624.8,"memoria_mb":6,"status":200}
{"ts":"2026-09-01T22:30:26-03:00","ruta":"index.php","metodo":"GET","duracion_ms":616,"memoria_mb":6,"status":200}
{"ts":"2026-09-01T22:51:28-03:00","ruta":"generar_pdf_cotizacion.php","metodo":"GET","duracion_ms":611.3,"memoria_mb":2,"status":302}
{"ts":"2026-09-01T22:55:15-03:00","ruta":"index.php","metodo":"GET","duracion_ms":633.7,"memoria_mb":6,"status":200}
{"ts":"2026-09-01T22:55:37-03:00","ruta":"index.php","metodo":"GET","duracion_ms":644.5,"memoria_mb":6,"status":200}
{"ts":"2026-09-01T23:36:53-03:00","ruta":"index.php","metodo":"GET","duracion_ms":715.4,"memoria_mb":6,"status":200}
{"ts":"2026-09-02T00:17:37-03:00","ruta":"index.php","metodo":"GET","duracion_ms":943.8,"memoria_mb":6,"status":200}
{"ts":"2026-09-02T00:18:00-03:00","ruta":"cotizaciones.php","metodo":"GET","duracion_ms":598.4,"memoria_mb":4,"status":200}
{"ts":"2026-09-02T00:18:08-03:00","ruta":"cotizaciones.php","metodo":"GET","duracion_ms":514.3,"memoria_mb":4,"status":200}
{"ts":"2026-09-02T00:18:34-03:00","ruta":"cotizaciones.php","metodo":"GET","duracion_ms":510.8,"memoria_mb":2,"status":200}
{"ts":"2026-09-02T00:19:50-03:00","ruta":"index.php","metodo":"GET","duracion_ms":865.7,"memoria_mb":6,"status":200}
{"ts":"2026-09-02T00:21:14-03:00","ruta":"index.php","metodo":"GET","duracion_ms":1366,"memoria_mb":4,"status":302}
{"ts":"2026-09-02T00:21:17-03:00","ruta":"index.php","metodo":"GET","duracion_ms":2211.7,"memoria_mb":6,"status":200}
{"ts":"2026-09-02T00:23:14-03:00","ruta":"index.php","metodo":"GET","duracion_ms":1161.4,"memoria_mb":6,"status":200}
{"ts":"2026-09-02T00:23:18-03:00","ruta":"calcular.php","metodo":"POST","duracion_ms":519.1,"memoria_mb":4,"status":200}
{"ts":"2026-09-02T00:23:19-03:00","ruta":"calcular.php","metodo":"POST","duracion_ms":520.4,"memoria_mb":4,"status":200}
{"ts":"2026-09-02T00:23:20-03:00","ruta":"calcular.php","metodo":"POST","duracion_ms":717.1,"memoria_mb":4,"status":200}
{"ts":"2026-09-02T00:23:20-03:00","ruta":"calcular.php","metodo":"POST","duracion_ms":735,"memoria_mb":4,"status":200}
{"ts":"2026-09-02T00:25:19-03:00","ruta":"calcular.php","metodo":"POST","duracion_ms":552.3,"memoria_mb":4,"status":200}
{"ts":"2026-09-02T00:25:21-03:00","ruta":"calcular.php","metodo":"POST","duracion_ms":702.7,"memoria_mb":4,"status":422}
{"ts":"2026-09-02T00:25:23-03:00","ruta":"calcular.php","metodo":"POST","duracion_ms":1286.9,"memoria_mb":4,"status":200}
{"ts":"2026-09-02T00:27:05-03:00","ruta":"calcular.php","metodo":"POST","duracion_ms":552.2,"memoria_mb":4,"status":200}
{"ts":"2026-09-02T00:27:10-03:00","ruta":"calcular.php","metodo":"POST","duracion_ms":1120.8,"memoria_mb":4,"status":200}
{"ts":"2026-09-02T00:33:35-03:00","ruta":"index.php","metodo":"GET","duracion_ms":1192,"memoria_mb":6,"status":200}
{"ts":"2026-09-02T00:33:38-03:00","ruta":"calcular.php","metodo":"POST","duracion_ms":1787,"memoria_mb":4,"status":200}
{"ts":"2026-09-02T00:33:39-03:00","ruta":"calcular.php","metodo":"POST","duracion_ms":1383.3,"memoria_mb":4,"status":200}
{"ts":"2026-09-02T00:34:48-03:00","ruta":"calcular.php","metodo":"POST","duracion_ms":1330.4,"memoria_mb":4,"status":200}
{"ts":"2026-09-02T00:34:48-03:00","ruta":"calcular.php","metodo":"POST","duracion_ms":508.5,"memoria_mb":4,"status":200}
{"ts":"2026-09-02T00:34:50-03:00","ruta":"index.php","metodo":"GET","duracion_ms":1052.7,"memoria_mb":6,"status":200}
{"ts":"2026-09-02T00:34:51-03:00","ruta":"calcular.php","metodo":"POST","duracion_ms":515.5,"memoria_mb":4,"status":200}
{"ts":"2026-09-02T18:27:20-03:00","ruta":"index.php","metodo":"GET","duracion_ms":3331.4,"memoria_mb":6,"status":200}
{"ts":"2026-09-02T18:37:57-03:00","ruta":"index.php","metodo":"GET","duracion_ms":1125.8,"memoria_mb":6,"status":200}
{"ts":"2026-09-02T18:37:59-03:00","ruta":"index.php","metodo":"GET","duracion_ms":648.3,"memoria_mb":4,"status":302}
{"ts":"2026-09-02T18:38:00-03:00","ruta":"index.php","metodo":"GET","duracion_ms":924.3,"memoria_mb":6,"status":200}
{"ts":"2026-09-02T18:38:46-03:00","ruta":"index.php","metodo":"GET","duracion_ms":692.1,"memoria_mb":4,"status":302}
{"ts":"2026-09-02T18:38:49-03:00","ruta":"index.php","metodo":"GET","duracion_ms":2252.1,"memoria_mb":6,"status":200}
{"ts":"2026-09-02T18:39:42-03:00","ruta":"index.php","metodo":"GET","duracion_ms":742.8,"memoria_mb":6,"status":200}
{"ts":"2026-09-02T18:39:46-03:00","ruta":"calcular.php","metodo":"POST","duracion_ms":1115.7,"memoria_mb":4,"status":200}
{"ts":"2026-09-02T18:39:47-03:00","ruta":"calcular.php","metodo":"POST","duracion_ms":890.8,"memoria_mb":4,"status":200}
{"ts":"2026-09-02T18:40:48-03:00","ruta":"calcular_senalizacion.php","metodo":"POST","duracion_ms":738.7,"memoria_mb":2,"status":200}
{"ts":"2026-09-02T18:41:00-03:00","ruta":"calcular_senalizacion.php","metodo":"POST","duracion_ms":539.5,"memoria_mb":2,"status":200}
{"ts":"2026-09-02T18:41:02-03:00","ruta":"calcular_senalizacion.php","metodo":"POST","duracion_ms":662.1,"memoria_mb":2,"status":200}
{"ts":"2026-09-02T18:41:21-03:00","ruta":"calcular.php","metodo":"POST","duracion_ms":500.8,"memoria_mb":4,"status":200}
{"ts":"2026-09-02T18:41:22-03:00","ruta":"calcular.php","metodo":"POST","duracion_ms":912.3,"memoria_mb":4,"status":200}
{"ts":"2026-09-02T18:41:23-03:00","ruta":"index.php","metodo":"GET","duracion_ms":914.6,"memoria_mb":6,"status":200}
{"ts":"2026-09-02T18:41:25-03:00","ruta":"calcular.php","metodo":"POST","duracion_ms":901.8,"memoria_mb":4,"status":200}
{"ts":"2026-09-02T18:41:26-03:00","ruta":"calcular.php","metodo":"POST","duracion_ms":908.1,"memoria_mb":4,"status":200}
{"ts":"2026-09-02T18:41:42-03:00","ruta":"calcular_senalizacion.php","metodo":"POST","duracion_ms":716.2,"memoria_mb":2,"status":200}
{"ts":"2026-09-02T18:44:51-03:00","ruta":"get_cliente.php","metodo":"GET","duracion_ms":504.5,"memoria_mb":2,"status":200}
{"ts":"2026-09-02T18:44:52-03:00","ruta":"calcular.php","metodo":"POST","duracion_ms":980.5,"memoria_mb":4,"status":200}
{"ts":"2026-09-02T18:44:59-03:00","ruta":"calcular.php","metodo":"POST","duracion_ms":985.1,"memoria_mb":4,"status":302}
{"ts":"2026-09-02T18:45:03-03:00","ruta":"generar_pdf_cotizacion.php","metodo":"GET","duracion_ms":529.6,"memoria_mb":2,"status":302}
{"ts":"2026-09-02T18:47:08-03:00","ruta":"index.php","metodo":"GET","duracion_ms":1294.2,"memoria_mb":6,"status":200}
{"ts":"2026-09-02T18:47:09-03:00","ruta":"get_cliente.php","metodo":"GET","duracion_ms":804.9,"memoria_mb":2,"status":200}
{"ts":"2026-09-02T18:47:20-03:00","ruta":"get_cliente.php","metodo":"GET","duracion_ms":975.4,"memoria_mb":2,"status":200}
{"ts":"2026-09-02T18:47:25-03:00","ruta":"calcular.php","metodo":"POST","duracion_ms":1087.6,"memoria_mb":4,"status":200}
{"ts":"2026-09-02T19:00:27-03:00","ruta":"index.php","metodo":"GET","duracion_ms":672,"memoria_mb":2,"status":302}
{"ts":"2026-09-02T19:00:30-03:00","ruta":"index.php","metodo":"GET","duracion_ms":2847.7,"memoria_mb":6,"status":200}
{"ts":"2026-09-02T19:04:32-03:00","ruta":"index.php","metodo":"GET","duracion_ms":857.1,"memoria_mb":6,"status":200}
{"ts":"2026-09-02T19:05:42-03:00","ruta":"index.php","metodo":"GET","duracion_ms":1175.6,"memoria_mb":6,"status":200}
{"ts":"2026-09-02T19:05:56-03:00","ruta":"calcular_senalizacion.php","metodo":"POST","duracion_ms":932.4,"memoria_mb":2,"status":200}
{"ts":"2026-09-02T19:06:51-03:00","ruta":"calcular_senalizacion.php","metodo":"POST","duracion_ms":650.6,"memoria_mb":2,"status":200}
{"ts":"2026-09-02T19:06:53-03:00","ruta":"calcular_senalizacion.php","metodo":"POST","duracion_ms":795.2,"memoria_mb":2,"status":200}
{"ts":"2026-09-02T19:07:24-03:00","ruta":"calcular_senalizacion.php","metodo":"POST","duracion_ms":820.3,"memoria_mb":2,"status":200}
{"ts":"2026-09-02T19:07:27-03:00","ruta":"calcular_senalizacion.php","metodo":"POST","duracion_ms":675.3,"memoria_mb":2,"status":200}
{"ts":"2026-09-02T19:07:38-03:00","ruta":"index.php","metodo":"GET","duracion_ms":1382.2,"memoria_mb":6,"status":200}
{"ts":"2026-09-02T19:20:53-03:00","ruta":"index.php","metodo":"GET","duracion_ms":1194.7,"memoria_mb":6,"status":200}
{"ts":"2026-09-02T19:20:54-03:00","ruta":"calcular.php","metodo":"POST","duracion_ms":512.3,"memoria_mb":4,"status":200}
{"ts":"2026-09-02T19:21:19-03:00","ruta":"index.php","metodo":"GET","duracion_ms":642.5,"memoria_mb":2,"status":302}
{"ts":"2026-09-02T19:21:20-03:00","ruta":"index.php","metodo":"GET","duracion_ms":986.1,"memoria_mb":6,"status":200}
{"ts":"2026-09-02T19:21:28-03:00","ruta":"index.php","metodo":"GET","duracion_ms":1409.2,"memoria_mb":6,"status":200}
{"ts":"2026-09-02T19:21:28-03:00","ruta":"get_cliente.php","metodo":"GET","duracion_ms":534.8,"memoria_mb":2,"status":200}
{"ts":"2026-09-02T19:21:35-03:00","ruta":"get_cliente.php","metodo":"GET","duracion_ms":980.1,"memoria_mb":2,"status":200}
{"ts":"2026-09-02T19:21:38-03:00","ruta":"calcular_senalizacion.php","metodo":"POST","duracion_ms":637,"memoria_mb":2,"status":200}
{"ts":"2026-09-02T19:21:49-03:00","ruta":"index.php","metodo":"GET","duracion_ms":620.9,"memoria_mb":2,"status":302}
{"ts":"2026-09-02T19:21:51-03:00","ruta":"index.php","metodo":"GET","duracion_ms":1699.3,"memoria_mb":6,"status":200}
{"ts":"2026-09-02T19:30:08-03:00","ruta":"index.php","metodo":"GET","duracion_ms":1017.8,"memoria_mb":8,"status":200}
{"ts":"2026-09-02T19:30:49-03:00","ruta":"index.php","metodo":"GET","duracion_ms":1090,"memoria_mb":6,"status":200}
{"ts":"2026-09-02T19:30:52-03:00","ruta":"calcular.php","metodo":"POST","duracion_ms":518.2,"memoria_mb":4,"status":200}
{"ts":"2026-09-02T19:30:53-03:00","ruta":"calcular.php","metodo":"POST","duracion_ms":779.7,"memoria_mb":4,"status":200}
{"ts":"2026-09-02T19:30:54-03:00","ruta":"calcular.php","metodo":"POST","duracion_ms":858.4,"memoria_mb":4,"status":200}
{"ts":"2026-09-02T19:30:54-03:00","ruta":"calcular.php","metodo":"POST","duracion_ms":529.2,"memoria_mb":4,"status":200}
{"ts":"2026-09-02T19:31:02-03:00","ruta":"calcular_senalizacion.php","metodo":"POST","duracion_ms":758.4,"memoria_mb":2,"status":200}
{"ts":"2026-09-02T19:31:10-03:00","ruta":"calcular_senalizacion.php","metodo":"POST","duracion_ms":885.9,"memoria_mb":2,"status":200}
{"ts":"2026-09-02T19:31:55-03:00","ruta":"index.php","metodo":"GET","duracion_ms":634.6,"memoria_mb":2,"status":302}
{"ts":"2026-09-02T19:31:56-03:00","ruta":"index.php","metodo":"GET","duracion_ms":935.2,"memoria_mb":6,"status":200}
{"ts":"2026-09-02T19:32:01-03:00","ruta":"index.php","metodo":"GET","duracion_ms":1422.9,"memoria_mb":6,"status":200}
{"ts":"2026-09-02T19:32:04-03:00","ruta":"calcular.php","metodo":"POST","duracion_ms":551.2,"memoria_mb":4,"status":200}
{"ts":"2026-09-02T19:32:05-03:00","ruta":"calcular.php","metodo":"POST","duracion_ms":500.4,"memoria_mb":4,"status":200}
{"ts":"2026-09-02T19:32:06-03:00","ruta":"calcular.php","metodo":"POST","duracion_ms":526.8,"memoria_mb":4,"status":200}
{"ts":"2026-09-02T19:32:35-03:00","ruta":"calcular_senalizacion.php","metodo":"POST","duracion_ms":1181.3,"memoria_mb":2,"status":200}
{"ts":"2026-09-02T19:32:38-03:00","ruta":"calcular_senalizacion.php","metodo":"POST","duracion_ms":632.1,"memoria_mb":2,"status":200}
{"ts":"2026-09-02T19:32:42-03:00","ruta":"calcular_senalizacion.php","metodo":"POST","duracion_ms":1051.1,"memoria_mb":2,"status":200}
{"ts":"2026-09-02T19:38:36-03:00","ruta":"index.php","metodo":"GET","duracion_ms":612.9,"memoria_mb":6,"status":200}
{"ts":"2026-09-02T19:44:55-03:00","ruta":"index.php","metodo":"GET","duracion_ms":989.2,"memoria_mb":6,"status":200}
{"ts":"2026-09-02T19:48:23-03:00","ruta":"index.php","metodo":"GET","duracion_ms":662.5,"memoria_mb":6,"status":200}
{"ts":"2026-09-02T19:52:13-03:00","ruta":"index.php","metodo":"GET","duracion_ms":623.9,"memoria_mb":6,"status":200}
{"ts":"2026-09-02T19:53:54-03:00","ruta":"index.php","metodo":"GET","duracion_ms":620.2,"memoria_mb":6,"status":200}
{"ts":"2026-09-02T19:53:56-03:00","ruta":"index.php","metodo":"GET","duracion_ms":587.8,"memoria_mb":6,"status":200}
{"ts":"2026-09-02T19:54:00-03:00","ruta":"index.php","metodo":"GET","duracion_ms":692.3,"memoria_mb":6,"status":200}
{"ts":"2026-09-02T19:55:59-03:00","ruta":"index.php","metodo":"GET","duracion_ms":619.4,"memoria_mb":6,"status":200}
{"ts":"2026-09-02T19:56:14-03:00","ruta":"index.php","metodo":"GET","duracion_ms":650.9,"memoria_mb":6,"status":200}
{"ts":"2026-09-02T19:56:20-03:00","ruta":"index.php","metodo":"GET","duracion_ms":628.8,"memoria_mb":6,"status":200}
{"ts":"2026-09-02T19:57:56-03:00","ruta":"index.php","metodo":"GET","duracion_ms":621.8,"memoria_mb":6,"status":200}
{"ts":"2026-09-02T19:57:59-03:00","ruta":"index.php","metodo":"GET","duracion_ms":563.8,"memoria_mb":6,"status":200}
{"ts":"2026-09-02T19:58:01-03:00","ruta":"index.php","metodo":"GET","duracion_ms":585.1,"memoria_mb":6,"status":200}
{"ts":"2026-09-02T19:58:02-03:00","ruta":"index.php","metodo":"GET","duracion_ms":619.8,"memoria_mb":6,"status":200}
{"ts":"2026-09-02T19:58:03-03:00","ruta":"calcular.php","metodo":"POST","duracion_ms":555.1,"memoria_mb":4,"status":200}
{"ts":"2026-09-02T19:58:03-03:00","ruta":"get_subtipos.php","metodo":"POST","duracion_ms":1018.3,"memoria_mb":4,"status":200}
{"ts":"2026-09-02T19:58:13-03:00","ruta":"index.php","metodo":"GET","duracion_ms":757.7,"memoria_mb":6,"status":200}
{"ts":"2026-09-02T19:58:14-03:00","ruta":"index.php","metodo":"GET","duracion_ms":732.5,"memoria_mb":6,"status":200}
{"ts":"2026-09-02T19:58:21-03:00","ruta":"index.php","metodo":"GET","duracion_ms":636.1,"memoria_mb":6,"status":200}
{"ts":"2026-09-02T19:59:06-03:00","ruta":"index.php","metodo":"GET","duracion_ms":550,"memoria_mb":6,"status":200}
{"ts":"2026-09-02T19:59:24-03:00","ruta":"index.php","metodo":"GET","duracion_ms":568.9,"memoria_mb":6,"status":200}
{"ts":"2026-09-02T19:59:51-03:00","ruta":"index.php","metodo":"GET","duracion_ms":582.1,"memoria_mb":6,"status":200}
{"ts":"2026-09-02T20:01:21-03:00","ruta":"index.php","metodo":"GET","duracion_ms":626.8,"memoria_mb":6,"status":200}
{"ts":"2026-09-02T20:04:31-03:00","ruta":"index.php","metodo":"GET","duracion_ms":777.4,"memoria_mb":6,"status":200}
{"ts":"2026-09-02T20:39:07-03:00","ruta":"index.php","metodo":"GET","duracion_ms":922.6,"memoria_mb":6,"status":200}
{"ts":"2026-09-02T20:39:08-03:00","ruta":"calcular.php","metodo":"POST","duracion_ms":524.3,"memoria_mb":4,"status":200}
{"ts":"2026-09-02T20:40:44-03:00","ruta":"calcular_senalizacion.php","metodo":"POST","duracion_ms":855.7,"memoria_mb":2,"status":200}
{"ts":"2026-09-02T20:41:02-03:00","ruta":"index.php","metodo":"GET","duracion_ms":951.4,"memoria_mb":6,"status":200}
{"ts":"2026-09-02T20:41:03-03:00","ruta":"calcular.php","metodo":"POST","duracion_ms":522.9,"memoria_mb":4,"status":200}
{"ts":"2026-09-02T20:44:49-03:00","ruta":"index.php","metodo":"GET","duracion_ms":598.5,"memoria_mb":6,"status":200}
{"ts":"2026-09-02T20:45:22-03:00","ruta":"index.php","metodo":"GET","duracion_ms":564.6,"memoria_mb":6,"status":200}
{"ts":"2026-09-02T20:45:24-03:00","ruta":"index.php","metodo":"GET","duracion_ms":583.6,"memoria_mb":6,"status":200}
{"ts":"2026-09-02T20:45:30-03:00","ruta":"index.php","metodo":"GET","duracion_ms":597.8,"memoria_mb":6,"status":200}
{"ts":"2026-09-02T20:50:06-03:00","ruta":"index.php","metodo":"GET","duracion_ms":916.4,"memoria_mb":6,"status":200}
{"ts":"2026-09-02T20:54:04-03:00","ruta":"index.php","metodo":"GET","duracion_ms":552.6,"memoria_mb":6,"status":200}
{"ts":"2026-09-02T20:59:59-03:00","ruta":"index.php","metodo":"GET","duracion_ms":595.3,"memoria_mb":6,"status":200}
{"ts":"2026-09-02T21:08:41-03:00","ruta":"index.php","metodo":"GET","duracion_ms":727.6,"memoria_mb":6,"status":200}
{"ts":"2026-09-02T21:13:45-03:00","ruta":"index.php","metodo":"GET","duracion_ms":677.2,"memoria_mb":6,"status":200}
{"ts":"2026-09-02T21:19:52-03:00","ruta":"index.php","metodo":"GET","duracion_ms":564.7,"memoria_mb":6,"status":200}
{"ts":"2026-09-02T21:19:57-03:00","ruta":"index.php","metodo":"GET","duracion_ms":544.1,"memoria_mb":6,"status":200}
{"ts":"2026-09-02T21:29:03-03:00","ruta":"index.php","metodo":"GET","duracion_ms":791.1,"memoria_mb":6,"status":200}
{"ts":"2026-09-02T21:33:48-03:00","ruta":"index.php","metodo":"GET","duracion_ms":567.5,"memoria_mb":6,"status":200}
{"ts":"2026-09-02T21:34:03-03:00","ruta":"index.php","metodo":"GET","duracion_ms":630.6,"memoria_mb":6,"status":200}
{"ts":"2026-09-02T21:36:09-03:00","ruta":"index.php","metodo":"GET","duracion_ms":546.2,"memoria_mb":6,"status":200}
{"ts":"2026-09-02T21:36:19-03:00","ruta":"index.php","metodo":"GET","duracion_ms":720.1,"memoria_mb":8,"status":200}
{"ts":"2026-09-02T21:36:22-03:00","ruta":"index.php","metodo":"GET","duracion_ms":668.9,"memoria_mb":6,"status":200}
{"ts":"2026-09-02T21:36:28-03:00","ruta":"index.php","metodo":"GET","duracion_ms":570.1,"memoria_mb":6,"status":200}
{"ts":"2026-09-02T21:38:27-03:00","ruta":"index.php","metodo":"GET","duracion_ms":668.5,"memoria_mb":6,"status":200}
{"ts":"2026-09-02T21:38:31-03:00","ruta":"index.php","metodo":"GET","duracion_ms":532.4,"memoria_mb":6,"status":200}
{"ts":"2026-09-02T22:14:16-03:00","ruta":"index.php","metodo":"GET","duracion_ms":1214.9,"memoria_mb":10,"status":200}
{"ts":"2026-09-02T22:14:26-03:00","ruta":"index.php","metodo":"GET","duracion_ms":573.6,"memoria_mb":6,"status":302}
{"ts":"2026-09-02T22:14:28-03:00","ruta":"index.php","metodo":"GET","duracion_ms":1392.4,"memoria_mb":6,"status":200}
{"ts":"2026-09-02T22:14:34-03:00","ruta":"index.php","metodo":"GET","duracion_ms":1356.5,"memoria_mb":6,"status":200}
{"ts":"2026-09-02T22:14:38-03:00","ruta":"calcular.php","metodo":"POST","duracion_ms":798.8,"memoria_mb":4,"status":200}
{"ts":"2026-09-02T22:14:39-03:00","ruta":"calcular.php","metodo":"POST","duracion_ms":1100.5,"memoria_mb":4,"status":200}
{"ts":"2026-09-02T22:14:40-03:00","ruta":"calcular.php","metodo":"POST","duracion_ms":929,"memoria_mb":4,"status":200}
{"ts":"2026-09-02T22:14:41-03:00","ruta":"calcular.php","metodo":"POST","duracion_ms":1079.4,"memoria_mb":4,"status":200}
{"ts":"2026-09-02T22:14:46-03:00","ruta":"calcular.php","metodo":"POST","duracion_ms":755.9,"memoria_mb":4,"status":200}
{"ts":"2026-09-02T22:14:48-03:00","ruta":"calcular.php","metodo":"POST","duracion_ms":742.6,"memoria_mb":4,"status":200}
{"ts":"2026-09-02T22:14:49-03:00","ruta":"index.php","metodo":"GET","duracion_ms":1356.2,"memoria_mb":6,"status":200}
{"ts":"2026-09-02T22:14:50-03:00","ruta":"calcular.php","metodo":"POST","duracion_ms":809,"memoria_mb":4,"status":200}
{"ts":"2026-09-02T22:14:51-03:00","ruta":"calcular.php","metodo":"POST","duracion_ms":649.3,"memoria_mb":4,"status":200}
{"ts":"2026-09-02T22:14:58-03:00","ruta":"precio_pulsador_exterior.php","metodo":"POST","duracion_ms":683.6,"memoria_mb":2,"status":200}
{"ts":"2026-09-02T22:14:59-03:00","ruta":"precio_pulsador_exterior.php","metodo":"POST","duracion_ms":551.4,"memoria_mb":2,"status":200}
{"ts":"2026-09-02T22:17:38-03:00","ruta":"index.php","metodo":"GET","duracion_ms":1464.9,"memoria_mb":6,"status":200}
{"ts":"2026-09-02T22:17:40-03:00","ruta":"calcular.php","metodo":"POST","duracion_ms":763.3,"memoria_mb":4,"status":200}
{"ts":"2026-09-02T22:18:05-03:00","ruta":"index.php","metodo":"GET","duracion_ms":737.5,"memoria_mb":2,"status":302}
{"ts":"2026-09-02T22:18:07-03:00","ruta":"index.php","metodo":"GET","duracion_ms":1588.1,"memoria_mb":6,"status":200}
{"ts":"2026-09-02T22:18:41-03:00","ruta":"index.php","metodo":"GET","duracion_ms":784.6,"memoria_mb":6,"status":200}
{"ts":"2026-09-02T22:19:00-03:00","ruta":"calcular_senalizacion.php","metodo":"POST","duracion_ms":992,"memoria_mb":2,"status":200}
{"ts":"2026-09-02T22:19:52-03:00","ruta":"index.php","metodo":"GET","duracion_ms":737.5,"memoria_mb":2,"status":302}
{"ts":"2026-09-02T22:19:53-03:00","ruta":"index.php","metodo":"GET","duracion_ms":1240.1,"memoria_mb":6,"status":200}
{"ts":"2026-09-02T22:20:02-03:00","ruta":"index.php","metodo":"GET","duracion_ms":829.5,"memoria_mb":6,"status":200}
{"ts":"2026-09-02T22:20:07-03:00","ruta":"calcular.php","metodo":"POST","duracion_ms":574.1,"memoria_mb":4,"status":200}
{"ts":"2026-09-02T22:20:07-03:00","ruta":"calcular.php","metodo":"POST","duracion_ms":528.1,"memoria_mb":4,"status":200}
{"ts":"2026-09-02T22:20:08-03:00","ruta":"calcular.php","metodo":"POST","duracion_ms":718,"memoria_mb":4,"status":200}
{"ts":"2026-09-02T22:20:16-03:00","ruta":"calcular_senalizacion.php","metodo":"POST","duracion_ms":733.1,"memoria_mb":2,"status":200}
{"ts":"2026-09-02T22:21:15-03:00","ruta":"calcular.php","metodo":"POST","duracion_ms":747.4,"memoria_mb":4,"status":302}
{"ts":"2026-09-02T22:21:16-03:00","ruta":"calcular.php","metodo":"POST","duracion_ms":541,"memoria_mb":4,"status":200}
{"ts":"2026-09-02T22:21:17-03:00","ruta":"ver_cotizacion.php","metodo":"GET","duracion_ms":768.9,"memoria_mb":2,"status":200}
{"ts":"2026-09-02T22:21:21-03:00","ruta":"generar_pdf_cotizacion.php","metodo":"GET","duracion_ms":523.2,"memoria_mb":2,"status":302}
{"ts":"2026-09-02T23:07:26-03:00","ruta":"index.php","metodo":"GET","duracion_ms":1095.7,"memoria_mb":10,"status":302}
{"ts":"2026-09-02T23:07:28-03:00","ruta":"index.php","metodo":"GET","duracion_ms":1430.6,"memoria_mb":6,"status":200}
{"ts":"2026-09-02T23:07:46-03:00","ruta":"index.php","metodo":"GET","duracion_ms":1617.5,"memoria_mb":6,"status":200}
{"ts":"2026-09-02T23:07:47-03:00","ruta":"get_cliente.php","metodo":"GET","duracion_ms":642.1,"memoria_mb":6,"status":200}
{"ts":"2026-09-02T23:07:47-03:00","ruta":"get_cliente.php","metodo":"GET","duracion_ms":596.3,"memoria_mb":2,"status":200}
{"ts":"2026-09-02T23:07:50-03:00","ruta":"calcular.php","metodo":"POST","duracion_ms":684.8,"memoria_mb":4,"status":200}
{"ts":"2026-09-02T23:07:51-03:00","ruta":"calcular.php","metodo":"POST","duracion_ms":751,"memoria_mb":4,"status":200}
{"ts":"2026-09-02T23:07:52-03:00","ruta":"calcular.php","metodo":"POST","duracion_ms":781.6,"memoria_mb":4,"status":200}
{"ts":"2026-09-02T23:07:53-03:00","ruta":"calcular.php","metodo":"POST","duracion_ms":661,"memoria_mb":4,"status":200}
{"ts":"2026-09-02T23:08:07-03:00","ruta":"calcular.php","metodo":"POST","duracion_ms":530.3,"memoria_mb":4,"status":302}
{"ts":"2026-09-02T23:08:08-03:00","ruta":"ver_cotizacion.php","metodo":"GET","duracion_ms":514.5,"memoria_mb":2,"status":200}
{"ts":"2026-09-02T23:08:10-03:00","ruta":"calcular_senalizacion.php","metodo":"POST","duracion_ms":688.4,"memoria_mb":2,"status":200}
{"ts":"2026-09-02T23:09:40-03:00","ruta":"index.php","metodo":"GET","duracion_ms":1193.8,"memoria_mb":6,"status":200}
{"ts":"2026-09-02T23:09:40-03:00","ruta":"get_cliente.php","metodo":"GET","duracion_ms":629.2,"memoria_mb":2,"status":200}
{"ts":"2026-09-02T23:09:41-03:00","ruta":"get_subtipos.php","metodo":"POST","duracion_ms":980.8,"memoria_mb":4,"status":200}
{"ts":"2026-09-02T23:09:48-03:00","ruta":"calcular_senalizacion.php","metodo":"POST","duracion_ms":570.6,"memoria_mb":4,"status":200}
{"ts":"2026-09-02T23:09:52-03:00","ruta":"get_cliente.php","metodo":"GET","duracion_ms":670.5,"memoria_mb":2,"status":200}
{"ts":"2026-09-02T23:09:56-03:00","ruta":"calcular.php","metodo":"POST","duracion_ms":781.6,"memoria_mb":4,"status":200}
{"ts":"2026-09-02T23:10:44-03:00","ruta":"index.php","metodo":"GET","duracion_ms":688.1,"memoria_mb":6,"status":200}
{"ts":"2026-09-02T23:10:45-03:00","ruta":"get_cliente.php","metodo":"GET","duracion_ms":531.6,"memoria_mb":2,"status":200}
{"ts":"2026-09-02T23:10:45-03:00","ruta":"get_subtipos.php","metodo":"POST","duracion_ms":630.5,"memoria_mb":4,"status":200}
{"ts":"2026-09-02T23:10:55-03:00","ruta":"get_cliente.php","metodo":"GET","duracion_ms":682.3,"memoria_mb":2,"status":200}
{"ts":"2026-09-02T23:10:56-03:00","ruta":"calcular.php","metodo":"POST","duracion_ms":711.6,"memoria_mb":4,"status":200}
{"ts":"2026-09-02T23:10:59-03:00","ruta":"precio_pulsador_exterior.php","metodo":"POST","duracion_ms":646.5,"memoria_mb":2,"status":200}
{"ts":"2026-09-02T23:11:19-03:00","ruta":"calcular.php","metodo":"POST","duracion_ms":673.6,"memoria_mb":4,"status":302}
{"ts":"2026-09-02T23:11:20-03:00","ruta":"calcular.php","metodo":"POST","duracion_ms":644.9,"memoria_mb":4,"status":200}
{"ts":"2026-09-02T23:11:20-03:00","ruta":"ver_cotizacion.php","metodo":"GET","duracion_ms":615.7,"memoria_mb":2,"status":200}
{"ts":"2026-09-02T23:11:25-03:00","ruta":"generar_pdf_cotizacion.php","metodo":"GET","duracion_ms":625.7,"memoria_mb":2,"status":302}
{"ts":"2026-09-02T23:13:12-03:00","ruta":"generar_caratula_modificacion_cotizacion.php","metodo":"GET","duracion_ms":521.1,"memoria_mb":2,"status":302}
{"ts":"2026-09-02T23:13:21-03:00","ruta":"cotizaciones.php","metodo":"GET","duracion_ms":697.9,"memoria_mb":4,"status":200}
{"ts":"2026-09-06T21:31:32-03:00","ruta":"cotizador","metodo":"GET","duracion_ms":1201.6,"memoria_mb":2,"status":302}
{"ts":"2026-09-06T21:31:33-03:00","ruta":"login.php","metodo":"GET","duracion_ms":793.7,"memoria_mb":2,"status":200}
{"ts":"2026-09-06T21:31:37-03:00","ruta":"login.php","metodo":"POST","duracion_ms":1578.2,"memoria_mb":2,"status":200}
{"ts":"2026-09-06T21:31:51-03:00","ruta":"login.php","metodo":"POST","duracion_ms":1662.5,"memoria_mb":2,"status":302}
{"ts":"2026-09-06T21:31:57-03:00","ruta":"index.php","metodo":"GET","duracion_ms":6292.5,"memoria_mb":2,"status":200}
{"ts":"2026-09-06T21:36:16-03:00","ruta":"login.php","metodo":"GET","duracion_ms":1239.4,"memoria_mb":2,"status":302}
{"ts":"2026-09-06T21:36:24-03:00","ruta":"index.php","metodo":"GET","duracion_ms":7650.7,"memoria_mb":2,"status":200}
{"ts":"2026-09-06T21:36:35-03:00","ruta":"cotizador","metodo":"GET","duracion_ms":8686,"memoria_mb":4,"status":200}
{"ts":"2026-09-06T21:42:58-03:00","ruta":"cliente_especificaciones_api.php","metodo":"GET","duracion_ms":1135.4,"memoria_mb":2,"status":200}
{"ts":"2026-09-06T21:42:59-03:00","ruta":"get_cliente.php","metodo":"GET","duracion_ms":1878,"memoria_mb":2,"status":200}
{"ts":"2026-09-06T21:43:14-03:00","ruta":"get_corriente_variador.php","metodo":"POST","duracion_ms":1103.6,"memoria_mb":2,"status":200}
{"ts":"2026-09-06T21:43:39-03:00","ruta":"get_corriente_variador.php","metodo":"POST","duracion_ms":926.9,"memoria_mb":2,"status":200}
{"ts":"2026-09-06T21:43:39-03:00","ruta":"get_corriente_variador.php","metodo":"POST","duracion_ms":663.3,"memoria_mb":2,"status":200}
{"ts":"2026-09-06T21:45:22-03:00","ruta":"get_corriente_variador.php","metodo":"POST","duracion_ms":514.5,"memoria_mb":2,"status":200}
{"ts":"2026-09-06T21:45:25-03:00","ruta":"get_corriente_variador.php","metodo":"POST","duracion_ms":737.7,"memoria_mb":2,"status":200}
{"ts":"2026-09-06T21:45:27-03:00","ruta":"get_corriente_variador.php","metodo":"POST","duracion_ms":915.6,"memoria_mb":2,"status":200}
{"ts":"2026-09-06T21:45:28-03:00","ruta":"get_corriente_variador.php","metodo":"POST","duracion_ms":924.7,"memoria_mb":2,"status":200}
{"ts":"2026-09-06T21:45:29-03:00","ruta":"get_subtipos.php","metodo":"POST","duracion_ms":2390.1,"memoria_mb":2,"status":200}
{"ts":"2026-09-06T21:45:45-03:00","ruta":"get_corriente_variador.php","metodo":"POST","duracion_ms":970.4,"memoria_mb":2,"status":200}
{"ts":"2026-09-06T21:45:46-03:00","ruta":"get_corriente_variador.php","metodo":"POST","duracion_ms":740.7,"memoria_mb":2,"status":200}
{"ts":"2026-09-06T21:46:26-03:00","ruta":"calcular.php","metodo":"POST","duracion_ms":668.4,"memoria_mb":2,"status":200}
{"ts":"2026-09-06T21:47:46-03:00","ruta":"calcular.php","metodo":"POST","duracion_ms":1102.4,"memoria_mb":2,"status":200}
{"ts":"2026-09-06T21:47:47-03:00","ruta":"calcular.php","metodo":"POST","duracion_ms":744.5,"memoria_mb":2,"status":200}
{"ts":"2026-09-07T15:00:30-03:00","ruta":"cotizador","metodo":"GET","duracion_ms":1863.4,"memoria_mb":2,"status":302}
{"ts":"2026-09-07T15:00:32-03:00","ruta":"login.php","metodo":"GET","duracion_ms":1203.9,"memoria_mb":2,"status":200}
{"ts":"2026-09-07T15:00:47-03:00","ruta":"login.php","metodo":"POST","duracion_ms":1362.6,"memoria_mb":2,"status":302}
{"ts":"2026-09-07T15:01:01-03:00","ruta":"index.php","metodo":"GET","duracion_ms":13783.3,"memoria_mb":4,"status":200}
{"ts":"2026-09-07T15:01:06-03:00","ruta":"repuestos_integracion.php","metodo":"GET","duracion_ms":544.4,"memoria_mb":4,"status":200}
{"ts":"2026-09-07T15:01:17-03:00","ruta":"cotizaciones.php","metodo":"GET","duracion_ms":6178.6,"memoria_mb":4,"status":200}
{"ts":"2026-09-07T15:05:57-03:00","ruta":"pedidos.php","metodo":"GET","duracion_ms":5706,"memoria_mb":4,"status":200}
{"ts":"2026-09-07T15:06:08-03:00","ruta":"index.php","metodo":"GET","duracion_ms":6846.5,"memoria_mb":2,"status":302}
{"ts":"2026-09-07T15:06:19-03:00","ruta":"index.php","metodo":"GET","duracion_ms":10568.3,"memoria_mb":4,"status":200}
{"ts":"2026-09-07T15:12:48-03:00","ruta":"comercial.php","metodo":"GET","duracion_ms":7540.3,"memoria_mb":4,"status":200}
{"ts":"2026-09-07T16:08:10-03:00","ruta":"index.php","metodo":"GET","duracion_ms":7505.8,"memoria_mb":2,"status":302}
{"ts":"2026-09-07T16:08:20-03:00","ruta":"index.php","metodo":"GET","duracion_ms":10241.8,"memoria_mb":4,"status":200}
{"ts":"2026-09-07T16:08:42-03:00","ruta":"index.php","metodo":"GET","duracion_ms":9050.6,"memoria_mb":4,"status":200}
{"ts":"2026-09-07T16:08:45-03:00","ruta":"get_subtipos.php","metodo":"POST","duracion_ms":1939.5,"memoria_mb":2,"status":200}
{"ts":"2026-09-07T16:08:47-03:00","ruta":"get_corriente_variador.php","metodo":"POST","duracion_ms":1991.2,"memoria_mb":2,"status":200}
{"ts":"2026-09-07T16:08:53-03:00","ruta":"calcular.php","metodo":"POST","duracion_ms":1655.1,"memoria_mb":2,"status":200}
{"ts":"2026-09-07T16:08:53-03:00","ruta":"calcular.php","metodo":"POST","duracion_ms":659.9,"memoria_mb":2,"status":200}
{"ts":"2026-09-07T16:08:54-03:00","ruta":"calcular.php","metodo":"POST","duracion_ms":502.1,"memoria_mb":2,"status":200}
{"ts":"2026-09-07T16:08:55-03:00","ruta":"calcular.php","metodo":"POST","duracion_ms":755,"memoria_mb":2,"status":200}
{"ts":"2026-09-07T16:10:16-03:00","ruta":"cliente_especificaciones_api.php","metodo":"GET","duracion_ms":1977.7,"memoria_mb":2,"status":200}
{"ts":"2026-09-07T16:10:17-03:00","ruta":"calcular.php","metodo":"POST","duracion_ms":836.9,"memoria_mb":2,"status":200}
{"ts":"2026-09-07T16:10:18-03:00","ruta":"get_cliente.php","metodo":"GET","duracion_ms":3718.5,"memoria_mb":2,"status":200}
{"ts":"2026-09-07T16:10:28-03:00","ruta":"index.php","metodo":"GET","duracion_ms":6210.7,"memoria_mb":2,"status":302}
{"ts":"2026-09-07T16:10:38-03:00","ruta":"index.php","metodo":"GET","duracion_ms":10176.2,"memoria_mb":4,"status":200}
{"ts":"2026-09-07T16:11:01-03:00","ruta":"get_corriente_variador.php","metodo":"POST","duracion_ms":1278.4,"memoria_mb":2,"status":200}
{"ts":"2026-09-07T16:11:03-03:00","ruta":"get_corriente_variador.php","metodo":"POST","duracion_ms":1391.6,"memoria_mb":2,"status":200}
{"ts":"2026-09-07T16:11:04-03:00","ruta":"get_corriente_variador.php","metodo":"POST","duracion_ms":1293,"memoria_mb":2,"status":200}
{"ts":"2026-09-07T16:11:15-03:00","ruta":"get_corriente_variador.php","metodo":"POST","duracion_ms":1541.4,"memoria_mb":2,"status":200}
{"ts":"2026-09-07T16:11:16-03:00","ruta":"get_corriente_variador.php","metodo":"POST","duracion_ms":1082.7,"memoria_mb":2,"status":200}
{"ts":"2026-09-07T16:11:17-03:00","ruta":"get_subtipos.php","metodo":"POST","duracion_ms":3444.2,"memoria_mb":2,"status":200}
{"ts":"2026-09-07T16:11:18-03:00","ruta":"get_corriente_variador.php","metodo":"POST","duracion_ms":749.7,"memoria_mb":2,"status":200}
{"ts":"2026-09-07T16:11:19-03:00","ruta":"get_corriente_variador.php","metodo":"POST","duracion_ms":699.1,"memoria_mb":2,"status":200}
{"ts":"2026-09-07T16:11:20-03:00","ruta":"get_corriente_variador.php","metodo":"POST","duracion_ms":1222.8,"memoria_mb":2,"status":200}
{"ts":"2026-09-07T16:11:21-03:00","ruta":"get_corriente_variador.php","metodo":"POST","duracion_ms":742.7,"memoria_mb":2,"status":200}
{"ts":"2026-09-07T16:11:25-03:00","ruta":"calcular.php","metodo":"POST","duracion_ms":1123,"memoria_mb":2,"status":200}
{"ts":"2026-09-07T16:11:27-03:00","ruta":"calcular.php","metodo":"POST","duracion_ms":1305.7,"memoria_mb":2,"status":200}
{"ts":"2026-09-07T16:11:29-03:00","ruta":"calcular.php","metodo":"POST","duracion_ms":768.9,"memoria_mb":2,"status":200}
{"ts":"2026-09-07T16:14:20-03:00","ruta":"get_corriente_variador.php","metodo":"POST","duracion_ms":735.7,"memoria_mb":2,"status":200}
{"ts":"2026-09-07T16:14:21-03:00","ruta":"get_corriente_variador.php","metodo":"POST","duracion_ms":750.7,"memoria_mb":2,"status":200}
{"ts":"2026-09-07T16:14:22-03:00","ruta":"calcular.php","metodo":"POST","duracion_ms":624.4,"memoria_mb":2,"status":200}
{"ts":"2026-09-14T19:42:53-03:00","ruta":"index.php","metodo":"GET","duracion_ms":29593.3,"memoria_mb":2,"status":200}
{"ts":"2026-09-14T19:42:57-03:00","ruta":"get_corriente_variador.php","metodo":"POST","duracion_ms":3406.3,"memoria_mb":2,"status":200}
{"ts":"2026-09-14T19:43:00-03:00","ruta":"get_corriente_variador.php","metodo":"POST","duracion_ms":3070.6,"memoria_mb":2,"status":200}
{"ts":"2026-09-14T19:43:14-03:00","ruta":"index.php","metodo":"GET","duracion_ms":13429.2,"memoria_mb":2,"status":200}
{"ts":"2026-09-14T19:43:20-03:00","ruta":"index.php","metodo":"GET","duracion_ms":6452.1,"memoria_mb":2,"status":302}
{"ts":"2026-09-14T19:43:31-03:00","ruta":"index.php","metodo":"GET","duracion_ms":11225.3,"memoria_mb":4,"status":200}
{"ts":"2026-09-14T19:44:13-03:00","ruta":"index.php","metodo":"GET","duracion_ms":8187.7,"memoria_mb":4,"status":200}
{"ts":"2026-09-14T19:44:15-03:00","ruta":"get_subtipos.php","metodo":"POST","duracion_ms":1718.5,"memoria_mb":2,"status":200}
{"ts":"2026-09-14T19:44:16-03:00","ruta":"get_corriente_variador.php","metodo":"POST","duracion_ms":1107.3,"memoria_mb":2,"status":200}
{"ts":"2026-09-14T19:44:26-03:00","ruta":"calcular.php","metodo":"POST","duracion_ms":1928.4,"memoria_mb":2,"status":200}
{"ts":"2026-09-14T19:44:27-03:00","ruta":"calcular.php","metodo":"POST","duracion_ms":794.9,"memoria_mb":2,"status":200}
{"ts":"2026-09-14T19:44:28-03:00","ruta":"calcular.php","metodo":"POST","duracion_ms":635.3,"memoria_mb":2,"status":200}
{"ts":"2026-09-14T19:44:29-03:00","ruta":"calcular.php","metodo":"POST","duracion_ms":670.4,"memoria_mb":2,"status":200}
{"ts":"2026-09-14T19:44:32-03:00","ruta":"calcular.php","metodo":"POST","duracion_ms":616,"memoria_mb":2,"status":200}
{"ts":"2026-09-14T19:49:16-03:00","ruta":"index.php","metodo":"GET","duracion_ms":8808.4,"memoria_mb":4,"status":200}
{"ts":"2026-09-14T19:49:18-03:00","ruta":"get_subtipos.php","metodo":"POST","duracion_ms":1558.3,"memoria_mb":2,"status":200}
{"ts":"2026-09-14T19:49:19-03:00","ruta":"get_corriente_variador.php","metodo":"POST","duracion_ms":1028.9,"memoria_mb":2,"status":200}
{"ts":"2026-09-14T19:49:35-03:00","ruta":"calcular.php","metodo":"POST","duracion_ms":3759,"memoria_mb":4,"status":200}
{"ts":"2026-09-14T19:49:39-03:00","ruta":"calcular.php","metodo":"POST","duracion_ms":3646.1,"memoria_mb":4,"status":200}
{"ts":"2026-09-14T19:49:47-03:00","ruta":"calcular.php","metodo":"POST","duracion_ms":2970.5,"memoria_mb":4,"status":200}
{"ts":"2026-09-14T19:49:50-03:00","ruta":"calcular.php","metodo":"POST","duracion_ms":3114.6,"memoria_mb":4,"status":200}
{"ts":"2026-09-14T19:52:04-03:00","ruta":"calcular.php","metodo":"POST","duracion_ms":4059.3,"memoria_mb":4,"status":200}
{"ts":"2026-09-14T19:52:06-03:00","ruta":"cliente_especificaciones_api.php","metodo":"GET","duracion_ms":2253.4,"memoria_mb":2,"status":200}
{"ts":"2026-09-14T19:52:07-03:00","ruta":"get_cliente.php","metodo":"GET","duracion_ms":6448.1,"memoria_mb":2,"status":200}
{"ts":"2026-09-14T19:52:15-03:00","ruta":"calcular.php","metodo":"POST","duracion_ms":4606.3,"memoria_mb":4,"status":200}
{"ts":"2026-09-14T19:52:21-03:00","ruta":"calcular.php","metodo":"POST","duracion_ms":5974.7,"memoria_mb":4,"status":302}
{"ts":"2026-09-14T19:52:27-03:00","ruta":"ver_cotizacion.php","metodo":"GET","duracion_ms":5615.4,"memoria_mb":2,"status":200}
{"ts":"2026-09-14T19:52:36-03:00","ruta":"generar_pdf_cotizacion.php","metodo":"GET","duracion_ms":3858.2,"memoria_mb":2,"status":302}
{"ts":"2026-09-14T19:52:55-03:00","ruta":"crear_pedido.php","metodo":"GET","duracion_ms":5117.9,"memoria_mb":2,"status":302}
{"ts":"2026-09-14T19:53:01-03:00","ruta":"pedido_preintegracion.php","metodo":"GET","duracion_ms":5575.1,"memoria_mb":2,"status":200}
{"ts":"2026-09-14T19:53:27-03:00","ruta":"pedido_preintegracion.php","metodo":"POST","duracion_ms":5448.1,"memoria_mb":2,"status":200}
{"ts":"2026-09-14T19:55:17-03:00","ruta":"cotizador%20nuevo","metodo":"GET","duracion_ms":8384.4,"memoria_mb":4,"status":200}
{"ts":"2026-09-14T19:55:20-03:00","ruta":"get_corriente_variador.php","metodo":"POST","duracion_ms":1654.9,"memoria_mb":2,"status":200}
{"ts":"2026-09-14T19:55:22-03:00","ruta":"cliente_especificaciones_api.php","metodo":"GET","duracion_ms":2713.3,"memoria_mb":2,"status":200}
{"ts":"2026-09-14T19:55:24-03:00","ruta":"get_cliente.php","metodo":"GET","duracion_ms":5612,"memoria_mb":2,"status":200}
{"ts":"2026-09-14T19:55:25-03:00","ruta":"get_subtipos.php","metodo":"POST","duracion_ms":6720.6,"memoria_mb":2,"status":200}
{"ts":"2026-09-14T19:55:27-03:00","ruta":"cliente_especificaciones_api.php","metodo":"GET","duracion_ms":1614,"memoria_mb":2,"status":200}
{"ts":"2026-09-14T19:55:33-03:00","ruta":"cotizaciones.php","metodo":"GET","duracion_ms":5812.9,"memoria_mb":4,"status":200}
{"ts":"2026-09-14T19:55:34-03:00","ruta":"get_cliente.php","metodo":"GET","duracion_ms":9853.2,"memoria_mb":2,"status":200}
{"ts":"2026-09-14T19:55:38-03:00","ruta":"calcular.php","metodo":"POST","duracion_ms":4568.7,"memoria_mb":4,"status":200}
{"ts":"2026-09-14T19:56:23-03:00","ruta":"index.php","metodo":"GET","duracion_ms":10151.5,"memoria_mb":4,"status":200}
{"ts":"2026-09-14T19:56:26-03:00","ruta":"cliente_especificaciones_api.php","metodo":"GET","duracion_ms":2116,"memoria_mb":2,"status":200}
{"ts":"2026-09-14T19:56:28-03:00","ruta":"get_subtipos.php","metodo":"POST","duracion_ms":3744.4,"memoria_mb":2,"status":200}
{"ts":"2026-09-14T19:56:29-03:00","ruta":"get_cliente.php","metodo":"GET","duracion_ms":4638.4,"memoria_mb":2,"status":200}
{"ts":"2026-09-14T19:56:30-03:00","ruta":"cliente_especificaciones_api.php","metodo":"GET","duracion_ms":1137.3,"memoria_mb":2,"status":200}
{"ts":"2026-09-14T19:56:30-03:00","ruta":"get_cliente.php","metodo":"GET","duracion_ms":1583.8,"memoria_mb":2,"status":200}
{"ts":"2026-09-14T19:56:35-03:00","ruta":"administrar_documentos.php","metodo":"GET","duracion_ms":1175.1,"memoria_mb":2,"status":200}
{"ts":"2026-09-14T19:56:56-03:00","ruta":"mantenimiento_integracion_externa.php","metodo":"GET","duracion_ms":1252.1,"memoria_mb":2,"status":200}
{"ts":"2026-09-14T19:57:05-03:00","ruta":"mantenimiento_integracion_externa.php","metodo":"POST","duracion_ms":1762.2,"memoria_mb":2,"status":200}
{"ts":"2026-09-14T19:57:15-03:00","ruta":"cotizaciones.php","metodo":"GET","duracion_ms":5321.6,"memoria_mb":4,"status":200}
{"ts":"2026-09-14T19:57:26-03:00","ruta":"crear_pedido.php","metodo":"GET","duracion_ms":5625,"memoria_mb":2,"status":302}
{"ts":"2026-09-14T19:57:31-03:00","ruta":"pedido_preintegracion.php","metodo":"GET","duracion_ms":4991.4,"memoria_mb":2,"status":200}
{"ts":"2026-09-14T19:57:49-03:00","ruta":"pedido_preintegracion.php","metodo":"POST","duracion_ms":6010.9,"memoria_mb":2,"status":302}
{"ts":"2026-09-14T19:57:55-03:00","ruta":"ver_pedido.php","metodo":"GET","duracion_ms":5706,"memoria_mb":2,"status":200}
{"ts":"2026-09-14T19:58:05-03:00","ruta":"generar_pdf_pedido.php","metodo":"GET","duracion_ms":4267.8,"memoria_mb":2,"status":302}
{"ts":"2026-09-14T19:58:18-03:00","ruta":"ordenes_fabricacion.php","metodo":"GET","duracion_ms":6448.4,"memoria_mb":4,"status":200}
{"ts":"2026-09-14T19:58:47-03:00","ruta":"generar_pdf_orden_fabricacion.php","metodo":"GET","duracion_ms":3971.9,"memoria_mb":2,"status":302}
{"ts":"2026-09-14T19:59:24-03:00","ruta":"ordenes_fabricacion.php","metodo":"GET","duracion_ms":6616.7,"memoria_mb":4,"status":200}
{"ts":"2026-09-14T20:00:39-03:00","ruta":"index.php","metodo":"GET","duracion_ms":6953.2,"memoria_mb":2,"status":302}
{"ts":"2026-09-14T20:00:49-03:00","ruta":"index.php","metodo":"GET","duracion_ms":9745.4,"memoria_mb":4,"status":200}
{"ts":"2026-09-14T20:05:40-03:00","ruta":"index.php","metodo":"GET","duracion_ms":8982.9,"memoria_mb":4,"status":200}
{"ts":"2026-09-14T20:11:48-03:00","ruta":"index.php","metodo":"GET","duracion_ms":10961.9,"memoria_mb":2,"status":200}
{"ts":"2026-09-14T20:11:57-03:00","ruta":"index.php","metodo":"GET","duracion_ms":9362.9,"memoria_mb":2,"status":200}
{"ts":"2026-09-14T20:16:29-03:00","ruta":"index.php","metodo":"GET","duracion_ms":8553.4,"memoria_mb":2,"status":200}
{"ts":"2026-09-14T20:16:52-03:00","ruta":"index.php","metodo":"GET","duracion_ms":8397.8,"memoria_mb":2,"status":200}
{"ts":"2026-09-14T20:19:00-03:00","ruta":"index.php","metodo":"GET","duracion_ms":8785.3,"memoria_mb":2,"status":200}
{"ts":"2026-09-14T20:22:34-03:00","ruta":"index.php","metodo":"GET","duracion_ms":8480.9,"memoria_mb":2,"status":200}
{"ts":"2026-09-14T20:25:33-03:00","ruta":"index.php","metodo":"GET","duracion_ms":8660.6,"memoria_mb":4,"status":200}
{"ts":"2026-09-14T20:29:10-03:00","ruta":"index.php","metodo":"GET","duracion_ms":8037.5,"memoria_mb":4,"status":200}
{"ts":"2026-09-14T20:31:58-03:00","ruta":"index.php","metodo":"GET","duracion_ms":10559.7,"memoria_mb":2,"status":200}
{"ts":"2026-09-14T20:34:26-03:00","ruta":"index.php","metodo":"GET","duracion_ms":10958.7,"memoria_mb":2,"status":200}
{"ts":"2026-09-14T20:38:45-03:00","ruta":"index.php","metodo":"GET","duracion_ms":8578.7,"memoria_mb":2,"status":200}
{"ts":"2026-09-14T20:42:44-03:00","ruta":"index.php","metodo":"GET","duracion_ms":8931.2,"memoria_mb":2,"status":200}
{"ts":"2026-09-14T20:43:05-03:00","ruta":"index.php","metodo":"GET","duracion_ms":9175.8,"memoria_mb":4,"status":200}
{"ts":"2026-09-14T20:43:08-03:00","ruta":"get_corriente_variador.php","metodo":"POST","duracion_ms":1650.9,"memoria_mb":2,"status":200}
{"ts":"2026-09-14T20:43:09-03:00","ruta":"get_subtipos.php","metodo":"POST","duracion_ms":2482.4,"memoria_mb":2,"status":200}
{"ts":"2026-09-14T20:43:29-03:00","ruta":"index.php","metodo":"GET","duracion_ms":8369.4,"memoria_mb":4,"status":200}
{"ts":"2026-09-14T20:43:31-03:00","ruta":"get_subtipos.php","metodo":"POST","duracion_ms":1919.2,"memoria_mb":2,"status":200}
{"ts":"2026-09-14T20:43:31-03:00","ruta":"get_corriente_variador.php","metodo":"POST","duracion_ms":589.4,"memoria_mb":2,"status":200}
{"ts":"2026-09-14T20:48:41-03:00","ruta":"index.php","metodo":"GET","duracion_ms":8791.2,"memoria_mb":4,"status":200}
{"ts":"2026-09-14T20:48:44-03:00","ruta":"get_corriente_variador.php","metodo":"POST","duracion_ms":1706,"memoria_mb":2,"status":200}
{"ts":"2026-09-14T20:48:44-03:00","ruta":"get_subtipos.php","metodo":"POST","duracion_ms":2180.5,"memoria_mb":2,"status":200}
{"ts":"2026-09-14T20:59:58-03:00","ruta":"index.php","metodo":"GET","duracion_ms":8383.9,"memoria_mb":2,"status":200}
{"ts":"2026-09-14T21:00:01-03:00","ruta":"get_corriente_variador.php","metodo":"POST","duracion_ms":1843.1,"memoria_mb":2,"status":200}
{"ts":"2026-09-14T21:00:02-03:00","ruta":"get_subtipos.php","metodo":"POST","duracion_ms":2506.8,"memoria_mb":2,"status":200}
{"ts":"2026-09-14T21:00:40-03:00","ruta":"calcular.php","metodo":"POST","duracion_ms":4270,"memoria_mb":4,"status":200}
{"ts":"2026-09-14T21:00:43-03:00","ruta":"calcular.php","metodo":"POST","duracion_ms":3452.7,"memoria_mb":4,"status":200}
{"ts":"2026-09-14T21:00:47-03:00","ruta":"calcular.php","metodo":"POST","duracion_ms":3538.1,"memoria_mb":4,"status":200}
{"ts":"2026-09-14T21:00:50-03:00","ruta":"calcular.php","metodo":"POST","duracion_ms":3050.2,"memoria_mb":4,"status":200}
{"ts":"2026-09-14T21:03:46-03:00","ruta":"index.php","metodo":"GET","duracion_ms":11950,"memoria_mb":4,"status":200}
{"ts":"2026-09-14T21:03:48-03:00","ruta":"get_subtipos.php","metodo":"POST","duracion_ms":1462.4,"memoria_mb":2,"status":200}
{"ts":"2026-09-14T21:03:49-03:00","ruta":"get_corriente_variador.php","metodo":"POST","duracion_ms":801.3,"memoria_mb":2,"status":200}
{"ts":"2026-09-14T21:03:52-03:00","ruta":"calcular.php","metodo":"POST","duracion_ms":2553.7,"memoria_mb":4,"status":200}
{"ts":"2026-09-14T21:04:04-03:00","ruta":"index.php","metodo":"GET","duracion_ms":7587.6,"memoria_mb":2,"status":302}
{"ts":"2026-09-14T21:04:11-03:00","ruta":"index.php","metodo":"GET","duracion_ms":6784.4,"memoria_mb":2,"status":302}
{"ts":"2026-09-14T21:04:26-03:00","ruta":"index.php","metodo":"GET","duracion_ms":14950.1,"memoria_mb":4,"status":200}
{"ts":"2026-09-14T21:04:42-03:00","ruta":"index.php","metodo":"GET","duracion_ms":6384.1,"memoria_mb":2,"status":302}
{"ts":"2026-09-14T21:04:51-03:00","ruta":"index.php","metodo":"GET","duracion_ms":8741.3,"memoria_mb":4,"status":200}
{"ts":"2026-09-14T21:08:40-03:00","ruta":"index.php","metodo":"GET","duracion_ms":7747.7,"memoria_mb":4,"status":200}
{"ts":"2026-09-14T21:09:04-03:00","ruta":"index.php","metodo":"GET","duracion_ms":6448.7,"memoria_mb":2,"status":302}
{"ts":"2026-09-14T21:09:21-03:00","ruta":"index.php","metodo":"GET","duracion_ms":16828.5,"memoria_mb":4,"status":200}
{"ts":"2026-09-14T21:13:05-03:00","ruta":"index.php","metodo":"GET","duracion_ms":11909.8,"memoria_mb":4,"status":200}
{"ts":"2026-09-14T21:13:28-03:00","ruta":"cliente_especificaciones_api.php","metodo":"GET","duracion_ms":1706,"memoria_mb":2,"status":200}
{"ts":"2026-09-14T21:13:29-03:00","ruta":"get_cliente.php","metodo":"GET","duracion_ms":2455.6,"memoria_mb":2,"status":200}
{"ts":"2026-09-14T21:13:50-03:00","ruta":"index.php","metodo":"GET","duracion_ms":7738.4,"memoria_mb":4,"status":200}
{"ts":"2026-09-14T21:13:53-03:00","ruta":"cliente_especificaciones_api.php","metodo":"GET","duracion_ms":2376.5,"memoria_mb":2,"status":200}
{"ts":"2026-09-14T21:13:53-03:00","ruta":"get_corriente_variador.php","metodo":"POST","duracion_ms":525.5,"memoria_mb":2,"status":200}
{"ts":"2026-09-14T21:13:54-03:00","ruta":"get_subtipos.php","metodo":"POST","duracion_ms":3388.6,"memoria_mb":2,"status":200}
{"ts":"2026-09-14T21:13:55-03:00","ruta":"get_cliente.php","metodo":"GET","duracion_ms":4317.4,"memoria_mb":2,"status":200}
{"ts":"2026-09-14T21:13:56-03:00","ruta":"cliente_especificaciones_api.php","metodo":"GET","duracion_ms":1180.2,"memoria_mb":2,"status":200}
{"ts":"2026-09-14T21:13:57-03:00","ruta":"get_cliente.php","metodo":"GET","duracion_ms":1631.7,"memoria_mb":2,"status":200}
{"ts":"2026-09-14T21:14:07-03:00","ruta":"calcular.php","metodo":"POST","duracion_ms":4086.6,"memoria_mb":4,"status":200}
{"ts":"2026-09-14T21:14:11-03:00","ruta":"calcular.php","metodo":"POST","duracion_ms":3834.4,"memoria_mb":4,"status":200}
{"ts":"2026-09-14T21:14:15-03:00","ruta":"calcular.php","metodo":"POST","duracion_ms":3503.9,"memoria_mb":4,"status":200}
{"ts":"2026-09-14T21:14:16-03:00","ruta":"get_corriente_variador.php","metodo":"POST","duracion_ms":791.3,"memoria_mb":2,"status":200}
{"ts":"2026-09-14T21:14:20-03:00","ruta":"calcular.php","metodo":"POST","duracion_ms":3497.9,"memoria_mb":4,"status":200}
{"ts":"2026-09-14T21:14:21-03:00","ruta":"get_corriente_variador.php","metodo":"POST","duracion_ms":712,"memoria_mb":2,"status":200}
{"ts":"2026-09-14T21:14:33-03:00","ruta":"calcular.php","metodo":"POST","duracion_ms":5384,"memoria_mb":4,"status":200}
{"ts":"2026-09-14T21:14:35-03:00","ruta":"get_corriente_variador.php","metodo":"POST","duracion_ms":986,"memoria_mb":2,"status":200}
{"ts":"2026-09-14T21:15:01-03:00","ruta":"precio_pulsador_exterior.php","metodo":"POST","duracion_ms":513.8,"memoria_mb":2,"status":200}
{"ts":"2026-09-14T21:15:02-03:00","ruta":"precio_pulsador_exterior.php","metodo":"POST","duracion_ms":1280.9,"memoria_mb":2,"status":200}
{"ts":"2026-09-14T21:15:03-03:00","ruta":"precio_pulsador_exterior.php","metodo":"POST","duracion_ms":658.9,"memoria_mb":2,"status":200}
{"ts":"2026-09-14T21:15:04-03:00","ruta":"precio_pulsador_exterior.php","metodo":"POST","duracion_ms":568.3,"memoria_mb":2,"status":200}
{"ts":"2026-09-14T21:15:05-03:00","ruta":"precio_pulsador_exterior.php","metodo":"POST","duracion_ms":593.3,"memoria_mb":2,"status":200}
{"ts":"2026-09-14T21:15:06-03:00","ruta":"precio_pulsador_exterior.php","metodo":"POST","duracion_ms":830.3,"memoria_mb":2,"status":200}
{"ts":"2026-09-14T21:15:06-03:00","ruta":"precio_pulsador_exterior.php","metodo":"POST","duracion_ms":754.8,"memoria_mb":2,"status":200}
{"ts":"2026-09-14T21:15:07-03:00","ruta":"precio_pulsador_exterior.php","metodo":"POST","duracion_ms":549,"memoria_mb":2,"status":200}
{"ts":"2026-09-14T21:15:08-03:00","ruta":"precio_pulsador_exterior.php","metodo":"POST","duracion_ms":635.5,"memoria_mb":2,"status":200}
{"ts":"2026-09-14T21:15:08-03:00","ruta":"precio_pulsador_exterior.php","metodo":"POST","duracion_ms":516.9,"memoria_mb":2,"status":200}
{"ts":"2026-09-14T21:15:09-03:00","ruta":"precio_pulsador_exterior.php","metodo":"POST","duracion_ms":576.4,"memoria_mb":2,"status":200}
{"ts":"2026-09-14T21:15:12-03:00","ruta":"calcular_senalizacion.php","metodo":"POST","duracion_ms":2430.8,"memoria_mb":2,"status":200}
{"ts":"2026-09-14T21:15:16-03:00","ruta":"precio_pulsador_exterior.php","metodo":"POST","duracion_ms":748.8,"memoria_mb":2,"status":200}
{"ts":"2026-09-14T21:15:17-03:00","ruta":"precio_pulsador_exterior.php","metodo":"POST","duracion_ms":588,"memoria_mb":2,"status":200}
{"ts":"2026-09-14T21:15:17-03:00","ruta":"precio_pulsador_exterior.php","metodo":"POST","duracion_ms":604.8,"memoria_mb":2,"status":200}
{"ts":"2026-09-14T21:15:18-03:00","ruta":"precio_pulsador_exterior.php","metodo":"POST","duracion_ms":906.1,"memoria_mb":2,"status":200}
{"ts":"2026-09-14T21:15:19-03:00","ruta":"precio_pulsador_exterior.php","metodo":"POST","duracion_ms":647.9,"memoria_mb":2,"status":200}
{"ts":"2026-09-14T21:15:20-03:00","ruta":"precio_pulsador_exterior.php","metodo":"POST","duracion_ms":1138.5,"memoria_mb":2,"status":200}
{"ts":"2026-09-14T21:15:21-03:00","ruta":"precio_pulsador_exterior.php","metodo":"POST","duracion_ms":652.9,"memoria_mb":2,"status":200}
{"ts":"2026-09-14T21:15:21-03:00","ruta":"precio_pulsador_exterior.php","metodo":"POST","duracion_ms":744.1,"memoria_mb":2,"status":200}
{"ts":"2026-09-14T21:15:27-03:00","ruta":"calcular_senalizacion.php","metodo":"POST","duracion_ms":5105.7,"memoria_mb":2,"status":200}
{"ts":"2026-09-14T21:15:27-03:00","ruta":"precio_pulsador_exterior.php","metodo":"POST","duracion_ms":595.1,"memoria_mb":2,"status":200}
{"ts":"2026-09-14T21:15:28-03:00","ruta":"precio_pulsador_exterior.php","metodo":"POST","duracion_ms":589,"memoria_mb":2,"status":200}
{"ts":"2026-09-14T21:15:28-03:00","ruta":"precio_pulsador_exterior.php","metodo":"POST","duracion_ms":643.8,"memoria_mb":2,"status":200}
{"ts":"2026-09-14T21:15:30-03:00","ruta":"precio_pulsador_exterior.php","metodo":"POST","duracion_ms":1402.1,"memoria_mb":2,"status":200}
{"ts":"2026-09-14T21:15:31-03:00","ruta":"precio_pulsador_exterior.php","metodo":"POST","duracion_ms":934.4,"memoria_mb":2,"status":200}
{"ts":"2026-09-14T21:15:32-03:00","ruta":"precio_pulsador_exterior.php","metodo":"POST","duracion_ms":793.4,"memoria_mb":2,"status":200}
{"ts":"2026-09-14T21:15:33-03:00","ruta":"precio_pulsador_exterior.php","metodo":"POST","duracion_ms":1029.4,"memoria_mb":2,"status":200}
{"ts":"2026-09-14T21:15:33-03:00","ruta":"precio_pulsador_exterior.php","metodo":"POST","duracion_ms":629.9,"memoria_mb":2,"status":200}
{"ts":"2026-09-14T21:15:34-03:00","ruta":"precio_pulsador_exterior.php","metodo":"POST","duracion_ms":558.3,"memoria_mb":2,"status":200}
{"ts":"2026-09-14T21:15:35-03:00","ruta":"precio_pulsador_exterior.php","metodo":"POST","duracion_ms":965.6,"memoria_mb":2,"status":200}
{"ts":"2026-09-14T21:15:36-03:00","ruta":"precio_pulsador_exterior.php","metodo":"POST","duracion_ms":594.5,"memoria_mb":2,"status":200}
{"ts":"2026-09-14T21:15:36-03:00","ruta":"precio_pulsador_exterior.php","metodo":"POST","duracion_ms":613,"memoria_mb":2,"status":200}
{"ts":"2026-09-14T21:15:38-03:00","ruta":"precio_pulsador_exterior.php","metodo":"POST","duracion_ms":506.9,"memoria_mb":2,"status":200}
{"ts":"2026-09-14T21:15:40-03:00","ruta":"precio_pulsador_exterior.php","metodo":"POST","duracion_ms":959.5,"memoria_mb":2,"status":200}
{"ts":"2026-09-14T21:15:42-03:00","ruta":"precio_pulsador_exterior.php","metodo":"POST","duracion_ms":661,"memoria_mb":2,"status":200}
{"ts":"2026-09-14T21:15:43-03:00","ruta":"precio_pulsador_exterior.php","metodo":"POST","duracion_ms":823.1,"memoria_mb":2,"status":200}
{"ts":"2026-09-14T21:15:44-03:00","ruta":"precio_pulsador_exterior.php","metodo":"POST","duracion_ms":880.4,"memoria_mb":2,"status":200}
{"ts":"2026-09-14T21:15:44-03:00","ruta":"precio_pulsador_exterior.php","metodo":"POST","duracion_ms":579.3,"memoria_mb":2,"status":200}
{"ts":"2026-09-14T21:15:46-03:00","ruta":"precio_pulsador_exterior.php","metodo":"POST","duracion_ms":2027.9,"memoria_mb":2,"status":200}
{"ts":"2026-09-14T21:15:47-03:00","ruta":"precio_pulsador_exterior.php","metodo":"POST","duracion_ms":674.7,"memoria_mb":2,"status":200}
{"ts":"2026-09-14T21:15:48-03:00","ruta":"precio_pulsador_exterior.php","metodo":"POST","duracion_ms":671.7,"memoria_mb":2,"status":200}
{"ts":"2026-09-14T21:15:49-03:00","ruta":"precio_pulsador_exterior.php","metodo":"POST","duracion_ms":613.4,"memoria_mb":2,"status":200}
{"ts":"2026-09-14T21:15:50-03:00","ruta":"precio_pulsador_exterior.php","metodo":"POST","duracion_ms":589.3,"memoria_mb":2,"status":200}
{"ts":"2026-09-14T21:15:52-03:00","ruta":"precio_pulsador_exterior.php","metodo":"POST","duracion_ms":647.3,"memoria_mb":2,"status":200}
{"ts":"2026-09-14T21:15:52-03:00","ruta":"precio_pulsador_exterior.php","metodo":"POST","duracion_ms":528.7,"memoria_mb":2,"status":200}
{"ts":"2026-09-14T21:15:54-03:00","ruta":"precio_pulsador_exterior.php","metodo":"POST","duracion_ms":1988.3,"memoria_mb":2,"status":200}
{"ts":"2026-09-14T21:15:55-03:00","ruta":"precio_pulsador_exterior.php","metodo":"POST","duracion_ms":527.1,"memoria_mb":2,"status":200}
{"ts":"2026-09-14T21:15:56-03:00","ruta":"precio_pulsador_exterior.php","metodo":"POST","duracion_ms":600.4,"memoria_mb":2,"status":200}
{"ts":"2026-09-14T21:15:56-03:00","ruta":"precio_pulsador_exterior.php","metodo":"POST","duracion_ms":609.9,"memoria_mb":2,"status":200}
{"ts":"2026-09-14T21:15:57-03:00","ruta":"precio_pulsador_exterior.php","metodo":"POST","duracion_ms":584.1,"memoria_mb":2,"status":200}
{"ts":"2026-09-14T21:15:58-03:00","ruta":"precio_pulsador_exterior.php","metodo":"POST","duracion_ms":753.1,"memoria_mb":2,"status":200}
{"ts":"2026-09-14T21:15:58-03:00","ruta":"precio_pulsador_exterior.php","metodo":"POST","duracion_ms":710.3,"memoria_mb":2,"status":200}
{"ts":"2026-09-14T21:15:59-03:00","ruta":"precio_pulsador_exterior.php","metodo":"POST","duracion_ms":803.9,"memoria_mb":2,"status":200}
{"ts":"2026-09-14T21:16:00-03:00","ruta":"precio_pulsador_exterior.php","metodo":"POST","duracion_ms":566.1,"memoria_mb":2,"status":200}
{"ts":"2026-09-14T21:16:00-03:00","ruta":"precio_pulsador_exterior.php","metodo":"POST","duracion_ms":514.8,"memoria_mb":2,"status":200}
{"ts":"2026-09-14T21:16:01-03:00","ruta":"precio_pulsador_exterior.php","metodo":"POST","duracion_ms":676.5,"memoria_mb":2,"status":200}
{"ts":"2026-09-14T21:16:02-03:00","ruta":"precio_pulsador_exterior.php","metodo":"POST","duracion_ms":565.8,"memoria_mb":2,"status":200}
{"ts":"2026-09-14T21:16:02-03:00","ruta":"precio_pulsador_exterior.php","metodo":"POST","duracion_ms":513.9,"memoria_mb":2,"status":200}
{"ts":"2026-09-14T21:16:03-03:00","ruta":"precio_pulsador_exterior.php","metodo":"POST","duracion_ms":576.4,"memoria_mb":2,"status":200}
{"ts":"2026-09-14T21:16:04-03:00","ruta":"precio_pulsador_exterior.php","metodo":"POST","duracion_ms":1103.7,"memoria_mb":2,"status":200}
{"ts":"2026-09-14T21:16:05-03:00","ruta":"precio_pulsador_exterior.php","metodo":"POST","duracion_ms":1080.6,"memoria_mb":2,"status":200}
{"ts":"2026-09-14T21:16:06-03:00","ruta":"precio_pulsador_exterior.php","metodo":"POST","duracion_ms":733.2,"memoria_mb":2,"status":200}
{"ts":"2026-09-14T21:16:06-03:00","ruta":"precio_pulsador_exterior.php","metodo":"POST","duracion_ms":646,"memoria_mb":2,"status":200}
{"ts":"2026-09-14T21:16:07-03:00","ruta":"precio_pulsador_exterior.php","metodo":"POST","duracion_ms":709.6,"memoria_mb":2,"status":200}
{"ts":"2026-09-14T21:16:08-03:00","ruta":"precio_pulsador_exterior.php","metodo":"POST","duracion_ms":653.7,"memoria_mb":2,"status":200}
{"ts":"2026-09-14T21:16:08-03:00","ruta":"precio_pulsador_exterior.php","metodo":"POST","duracion_ms":507.3,"memoria_mb":2,"status":200}
{"ts":"2026-09-14T21:16:09-03:00","ruta":"precio_pulsador_exterior.php","metodo":"POST","duracion_ms":647.1,"memoria_mb":2,"status":200}
{"ts":"2026-09-14T21:16:10-03:00","ruta":"precio_pulsador_exterior.php","metodo":"POST","duracion_ms":841.3,"memoria_mb":2,"status":200}
{"ts":"2026-09-14T21:16:11-03:00","ruta":"precio_pulsador_exterior.php","metodo":"POST","duracion_ms":735.1,"memoria_mb":2,"status":200}
{"ts":"2026-09-14T21:16:12-03:00","ruta":"precio_pulsador_exterior.php","metodo":"POST","duracion_ms":504.8,"memoria_mb":2,"status":200}
{"ts":"2026-09-14T21:16:13-03:00","ruta":"precio_pulsador_exterior.php","metodo":"POST","duracion_ms":956.2,"memoria_mb":2,"status":200}
{"ts":"2026-09-14T21:16:14-03:00","ruta":"precio_pulsador_exterior.php","metodo":"POST","duracion_ms":903.5,"memoria_mb":2,"status":200}
{"ts":"2026-09-14T21:16:15-03:00","ruta":"precio_pulsador_exterior.php","metodo":"POST","duracion_ms":751.9,"memoria_mb":2,"status":200}
{"ts":"2026-09-14T21:16:16-03:00","ruta":"precio_pulsador_exterior.php","metodo":"POST","duracion_ms":1018.1,"memoria_mb":2,"status":200}
{"ts":"2026-09-14T21:16:16-03:00","ruta":"precio_pulsador_exterior.php","metodo":"POST","duracion_ms":502.9,"memoria_mb":2,"status":200}
{"ts":"2026-09-14T21:16:17-03:00","ruta":"precio_pulsador_exterior.php","metodo":"POST","duracion_ms":954.1,"memoria_mb":2,"status":200}
{"ts":"2026-09-14T21:16:18-03:00","ruta":"precio_pulsador_exterior.php","metodo":"POST","duracion_ms":1084.3,"memoria_mb":2,"status":200}
{"ts":"2026-09-14T21:16:19-03:00","ruta":"precio_pulsador_exterior.php","metodo":"POST","duracion_ms":901.5,"memoria_mb":2,"status":200}
{"ts":"2026-09-14T21:16:20-03:00","ruta":"precio_pulsador_exterior.php","metodo":"POST","duracion_ms":900.1,"memoria_mb":2,"status":200}
{"ts":"2026-09-14T21:16:21-03:00","ruta":"precio_pulsador_exterior.php","metodo":"POST","duracion_ms":1093.2,"memoria_mb":2,"status":200}
{"ts":"2026-09-14T21:16:22-03:00","ruta":"precio_pulsador_exterior.php","metodo":"POST","duracion_ms":678.1,"memoria_mb":2,"status":200}
{"ts":"2026-09-14T21:16:23-03:00","ruta":"precio_pulsador_exterior.php","metodo":"POST","duracion_ms":519.3,"memoria_mb":2,"status":200}
{"ts":"2026-09-14T21:16:23-03:00","ruta":"precio_pulsador_exterior.php","metodo":"POST","duracion_ms":604.8,"memoria_mb":2,"status":200}
{"ts":"2026-09-14T21:16:24-03:00","ruta":"precio_pulsador_exterior.php","metodo":"POST","duracion_ms":631,"memoria_mb":2,"status":200}
{"ts":"2026-09-14T21:16:25-03:00","ruta":"precio_pulsador_exterior.php","metodo":"POST","duracion_ms":1360.2,"memoria_mb":2,"status":200}
{"ts":"2026-09-14T21:16:26-03:00","ruta":"precio_pulsador_exterior.php","metodo":"POST","duracion_ms":689.3,"memoria_mb":2,"status":200}
{"ts":"2026-09-14T21:16:27-03:00","ruta":"precio_pulsador_exterior.php","metodo":"POST","duracion_ms":765.3,"memoria_mb":2,"status":200}
{"ts":"2026-09-14T21:16:28-03:00","ruta":"precio_pulsador_exterior.php","metodo":"POST","duracion_ms":542.5,"memoria_mb":2,"status":200}
{"ts":"2026-09-14T21:16:28-03:00","ruta":"precio_pulsador_exterior.php","metodo":"POST","duracion_ms":586.2,"memoria_mb":2,"status":200}
{"ts":"2026-09-14T21:16:30-03:00","ruta":"precio_pulsador_exterior.php","metodo":"POST","duracion_ms":1250.8,"memoria_mb":2,"status":200}
{"ts":"2026-09-14T21:16:31-03:00","ruta":"precio_pulsador_exterior.php","metodo":"POST","duracion_ms":1086.5,"memoria_mb":2,"status":200}
{"ts":"2026-09-14T21:16:31-03:00","ruta":"precio_pulsador_exterior.php","metodo":"POST","duracion_ms":573.7,"memoria_mb":2,"status":200}
{"ts":"2026-09-14T21:16:32-03:00","ruta":"precio_pulsador_exterior.php","metodo":"POST","duracion_ms":1098.4,"memoria_mb":2,"status":200}
{"ts":"2026-09-14T21:16:33-03:00","ruta":"precio_pulsador_exterior.php","metodo":"POST","duracion_ms":1074.9,"memoria_mb":2,"status":200}
{"ts":"2026-09-14T21:16:34-03:00","ruta":"precio_pulsador_exterior.php","metodo":"POST","duracion_ms":625.9,"memoria_mb":2,"status":200}
{"ts":"2026-09-14T21:16:35-03:00","ruta":"precio_pulsador_exterior.php","metodo":"POST","duracion_ms":607.7,"memoria_mb":2,"status":200}
{"ts":"2026-09-14T21:16:35-03:00","ruta":"precio_pulsador_exterior.php","metodo":"POST","duracion_ms":661.3,"memoria_mb":2,"status":200}
{"ts":"2026-09-14T21:16:36-03:00","ruta":"precio_pulsador_exterior.php","metodo":"POST","duracion_ms":575.7,"memoria_mb":2,"status":200}
{"ts":"2026-09-14T21:16:37-03:00","ruta":"precio_pulsador_exterior.php","metodo":"POST","duracion_ms":632.3,"memoria_mb":2,"status":200}
{"ts":"2026-09-14T21:16:37-03:00","ruta":"precio_pulsador_exterior.php","metodo":"POST","duracion_ms":667.6,"memoria_mb":2,"status":200}
{"ts":"2026-09-14T21:16:38-03:00","ruta":"precio_pulsador_exterior.php","metodo":"POST","duracion_ms":784.9,"memoria_mb":2,"status":200}
{"ts":"2026-09-14T21:16:39-03:00","ruta":"precio_pulsador_exterior.php","metodo":"POST","duracion_ms":791,"memoria_mb":2,"status":200}
{"ts":"2026-09-14T21:16:40-03:00","ruta":"precio_pulsador_exterior.php","metodo":"POST","duracion_ms":572.9,"memoria_mb":2,"status":200}
{"ts":"2026-09-14T21:16:41-03:00","ruta":"precio_pulsador_exterior.php","metodo":"POST","duracion_ms":505.2,"memoria_mb":2,"status":200}
{"ts":"2026-09-14T21:16:42-03:00","ruta":"precio_pulsador_exterior.php","metodo":"POST","duracion_ms":531.5,"memoria_mb":2,"status":200}
{"ts":"2026-09-14T21:16:42-03:00","ruta":"precio_pulsador_exterior.php","metodo":"POST","duracion_ms":570,"memoria_mb":2,"status":200}
{"ts":"2026-09-14T21:16:43-03:00","ruta":"precio_pulsador_exterior.php","metodo":"POST","duracion_ms":855.2,"memoria_mb":2,"status":200}
{"ts":"2026-09-14T21:16:44-03:00","ruta":"precio_pulsador_exterior.php","metodo":"POST","duracion_ms":1077.4,"memoria_mb":2,"status":200}
{"ts":"2026-09-14T21:16:45-03:00","ruta":"precio_pulsador_exterior.php","metodo":"POST","duracion_ms":846.3,"memoria_mb":2,"status":200}
{"ts":"2026-09-14T21:16:46-03:00","ruta":"precio_pulsador_exterior.php","metodo":"POST","duracion_ms":745.1,"memoria_mb":2,"status":200}
{"ts":"2026-09-14T21:16:47-03:00","ruta":"precio_pulsador_exterior.php","metodo":"POST","duracion_ms":517.3,"memoria_mb":2,"status":200}
{"ts":"2026-09-14T21:16:47-03:00","ruta":"precio_pulsador_exterior.php","metodo":"POST","duracion_ms":605.4,"memoria_mb":2,"status":200}
{"ts":"2026-09-14T21:16:48-03:00","ruta":"precio_pulsador_exterior.php","metodo":"POST","duracion_ms":543.3,"memoria_mb":2,"status":200}
{"ts":"2026-09-14T21:16:49-03:00","ruta":"precio_pulsador_exterior.php","metodo":"POST","duracion_ms":805.1,"memoria_mb":2,"status":200}
{"ts":"2026-09-14T21:16:49-03:00","ruta":"precio_pulsador_exterior.php","metodo":"POST","duracion_ms":807.9,"memoria_mb":2,"status":200}
{"ts":"2026-09-14T21:16:50-03:00","ruta":"precio_pulsador_exterior.php","metodo":"POST","duracion_ms":986.4,"memoria_mb":2,"status":200}
{"ts":"2026-09-14T21:16:51-03:00","ruta":"precio_pulsador_exterior.php","metodo":"POST","duracion_ms":825.2,"memoria_mb":2,"status":200}
{"ts":"2026-09-14T21:16:52-03:00","ruta":"precio_pulsador_exterior.php","metodo":"POST","duracion_ms":512.9,"memoria_mb":2,"status":200}
{"ts":"2026-09-14T21:16:54-03:00","ruta":"precio_pulsador_exterior.php","metodo":"POST","duracion_ms":634.3,"memoria_mb":2,"status":200}
{"ts":"2026-09-14T21:16:55-03:00","ruta":"precio_pulsador_exterior.php","metodo":"POST","duracion_ms":583.5,"memoria_mb":2,"status":200}
{"ts":"2026-09-14T21:16:56-03:00","ruta":"precio_pulsador_exterior.php","metodo":"POST","duracion_ms":675.8,"memoria_mb":2,"status":200}
{"ts":"2026-09-14T21:16:56-03:00","ruta":"precio_pulsador_exterior.php","metodo":"POST","duracion_ms":541,"memoria_mb":2,"status":200}
{"ts":"2026-09-14T21:16:57-03:00","ruta":"precio_pulsador_exterior.php","metodo":"POST","duracion_ms":706.9,"memoria_mb":2,"status":200}
{"ts":"2026-09-14T21:16:58-03:00","ruta":"precio_pulsador_exterior.php","metodo":"POST","duracion_ms":737.3,"memoria_mb":2,"status":200}
{"ts":"2026-09-14T21:16:59-03:00","ruta":"precio_pulsador_exterior.php","metodo":"POST","duracion_ms":515.9,"memoria_mb":2,"status":200}
{"ts":"2026-09-14T21:17:00-03:00","ruta":"precio_pulsador_exterior.php","metodo":"POST","duracion_ms":609.6,"memoria_mb":2,"status":200}
{"ts":"2026-09-14T21:17:00-03:00","ruta":"precio_pulsador_exterior.php","metodo":"POST","duracion_ms":595.8,"memoria_mb":2,"status":200}
{"ts":"2026-09-14T21:17:01-03:00","ruta":"precio_pulsador_exterior.php","metodo":"POST","duracion_ms":630.8,"memoria_mb":2,"status":200}
{"ts":"2026-09-14T21:17:02-03:00","ruta":"precio_pulsador_exterior.php","metodo":"POST","duracion_ms":899.9,"memoria_mb":2,"status":200}
{"ts":"2026-09-14T21:17:03-03:00","ruta":"precio_pulsador_exterior.php","metodo":"POST","duracion_ms":1057.7,"memoria_mb":2,"status":200}
{"ts":"2026-09-14T21:17:04-03:00","ruta":"precio_pulsador_exterior.php","metodo":"POST","duracion_ms":965.6,"memoria_mb":2,"status":200}
{"ts":"2026-09-14T21:17:05-03:00","ruta":"precio_pulsador_exterior.php","metodo":"POST","duracion_ms":826.5,"memoria_mb":2,"status":200}
{"ts":"2026-09-14T21:17:06-03:00","ruta":"precio_pulsador_exterior.php","metodo":"POST","duracion_ms":1157.4,"memoria_mb":2,"status":200}
{"ts":"2026-09-14T21:17:07-03:00","ruta":"precio_pulsador_exterior.php","metodo":"POST","duracion_ms":810.1,"memoria_mb":2,"status":200}
{"ts":"2026-09-14T21:17:08-03:00","ruta":"precio_pulsador_exterior.php","metodo":"POST","duracion_ms":740.3,"memoria_mb":2,"status":200}
{"ts":"2026-09-14T21:17:08-03:00","ruta":"precio_pulsador_exterior.php","metodo":"POST","duracion_ms":516.2,"memoria_mb":2,"status":200}
{"ts":"2026-09-14T21:17:10-03:00","ruta":"precio_pulsador_exterior.php","metodo":"POST","duracion_ms":785.7,"memoria_mb":2,"status":200}
{"ts":"2026-09-14T21:17:11-03:00","ruta":"precio_pulsador_exterior.php","metodo":"POST","duracion_ms":615.8,"memoria_mb":2,"status":200}
{"ts":"2026-09-14T21:17:12-03:00","ruta":"precio_pulsador_exterior.php","metodo":"POST","duracion_ms":853.9,"memoria_mb":2,"status":200}
{"ts":"2026-09-14T21:17:12-03:00","ruta":"precio_pulsador_exterior.php","metodo":"POST","duracion_ms":529.3,"memoria_mb":2,"status":200}
{"ts":"2026-09-14T21:17:13-03:00","ruta":"precio_pulsador_exterior.php","metodo":"POST","duracion_ms":660.6,"memoria_mb":2,"status":200}
{"ts":"2026-09-14T21:17:14-03:00","ruta":"precio_pulsador_exterior.php","metodo":"POST","duracion_ms":932.2,"memoria_mb":2,"status":200}
{"ts":"2026-09-14T21:17:15-03:00","ruta":"precio_pulsador_exterior.php","metodo":"POST","duracion_ms":938.2,"memoria_mb":2,"status":200}
{"ts":"2026-09-14T21:17:16-03:00","ruta":"precio_pulsador_exterior.php","metodo":"POST","duracion_ms":1102.7,"memoria_mb":2,"status":200}
{"ts":"2026-09-14T21:17:17-03:00","ruta":"precio_pulsador_exterior.php","metodo":"POST","duracion_ms":1001.8,"memoria_mb":2,"status":200}
{"ts":"2026-09-14T21:17:18-03:00","ruta":"precio_pulsador_exterior.php","metodo":"POST","duracion_ms":890.5,"memoria_mb":2,"status":200}
{"ts":"2026-09-14T21:17:19-03:00","ruta":"precio_pulsador_exterior.php","metodo":"POST","duracion_ms":868.5,"memoria_mb":2,"status":200}
{"ts":"2026-09-14T21:17:20-03:00","ruta":"precio_pulsador_exterior.php","metodo":"POST","duracion_ms":613.8,"memoria_mb":2,"status":200}
{"ts":"2026-09-14T21:17:20-03:00","ruta":"precio_pulsador_exterior.php","metodo":"POST","duracion_ms":594.3,"memoria_mb":2,"status":200}
{"ts":"2026-09-14T21:17:21-03:00","ruta":"precio_pulsador_exterior.php","metodo":"POST","duracion_ms":1033,"memoria_mb":2,"status":200}
{"ts":"2026-09-14T21:17:22-03:00","ruta":"precio_pulsador_exterior.php","metodo":"POST","duracion_ms":1015.4,"memoria_mb":2,"status":200}
{"ts":"2026-09-14T21:17:23-03:00","ruta":"precio_pulsador_exterior.php","metodo":"POST","duracion_ms":945.2,"memoria_mb":2,"status":200}
{"ts":"2026-09-14T21:17:24-03:00","ruta":"precio_pulsador_exterior.php","metodo":"POST","duracion_ms":583.1,"memoria_mb":2,"status":200}
{"ts":"2026-09-14T21:17:24-03:00","ruta":"precio_pulsador_exterior.php","metodo":"POST","duracion_ms":589.2,"memoria_mb":2,"status":200}
{"ts":"2026-09-14T21:17:25-03:00","ruta":"precio_pulsador_exterior.php","metodo":"POST","duracion_ms":580.8,"memoria_mb":2,"status":200}
{"ts":"2026-09-14T21:17:26-03:00","ruta":"precio_pulsador_exterior.php","metodo":"POST","duracion_ms":700.6,"memoria_mb":2,"status":200}
{"ts":"2026-09-14T21:17:26-03:00","ruta":"precio_pulsador_exterior.php","metodo":"POST","duracion_ms":603,"memoria_mb":2,"status":200}
{"ts":"2026-09-14T21:17:27-03:00","ruta":"precio_pulsador_exterior.php","metodo":"POST","duracion_ms":667.4,"memoria_mb":2,"status":200}
{"ts":"2026-09-14T21:17:28-03:00","ruta":"precio_pulsador_exterior.php","metodo":"POST","duracion_ms":572.9,"memoria_mb":2,"status":200}
{"ts":"2026-09-14T21:17:28-03:00","ruta":"precio_pulsador_exterior.php","metodo":"POST","duracion_ms":682.9,"memoria_mb":2,"status":200}
{"ts":"2026-09-14T21:17:30-03:00","ruta":"precio_pulsador_exterior.php","metodo":"POST","duracion_ms":964.3,"memoria_mb":2,"status":200}
{"ts":"2026-09-14T21:17:31-03:00","ruta":"precio_pulsador_exterior.php","metodo":"POST","duracion_ms":807.8,"memoria_mb":2,"status":200}
{"ts":"2026-09-14T21:17:32-03:00","ruta":"precio_pulsador_exterior.php","metodo":"POST","duracion_ms":749.4,"memoria_mb":2,"status":200}
{"ts":"2026-09-14T21:17:33-03:00","ruta":"precio_pulsador_exterior.php","metodo":"POST","duracion_ms":781.5,"memoria_mb":2,"status":200}
{"ts":"2026-09-14T21:17:34-03:00","ruta":"precio_pulsador_exterior.php","metodo":"POST","duracion_ms":931.8,"memoria_mb":2,"status":200}
{"ts":"2026-09-14T21:17:35-03:00","ruta":"precio_pulsador_exterior.php","metodo":"POST","duracion_ms":1755.4,"memoria_mb":2,"status":200}
{"ts":"2026-09-14T21:17:36-03:00","ruta":"precio_pulsador_exterior.php","metodo":"POST","duracion_ms":969.3,"memoria_mb":2,"status":200}
{"ts":"2026-09-14T21:17:37-03:00","ruta":"precio_pulsador_exterior.php","metodo":"POST","duracion_ms":538.5,"memoria_mb":2,"status":200}
{"ts":"2026-09-14T21:17:38-03:00","ruta":"precio_pulsador_exterior.php","metodo":"POST","duracion_ms":805.3,"memoria_mb":2,"status":200}
{"ts":"2026-09-14T21:17:43-03:00","ruta":"calcular_senalizacion.php","metodo":"POST","duracion_ms":5393.9,"memoria_mb":2,"status":200}
{"ts":"2026-09-14T21:17:44-03:00","ruta":"precio_pulsador_exterior.php","metodo":"POST","duracion_ms":955.3,"memoria_mb":2,"status":200}
{"ts":"2026-09-14T21:17:45-03:00","ruta":"precio_pulsador_exterior.php","metodo":"POST","duracion_ms":1025.4,"memoria_mb":2,"status":200}
{"ts":"2026-09-14T21:17:46-03:00","ruta":"precio_pulsador_exterior.php","metodo":"POST","duracion_ms":921.8,"memoria_mb":2,"status":200}
{"ts":"2026-09-14T21:17:47-03:00","ruta":"precio_pulsador_exterior.php","metodo":"POST","duracion_ms":970.2,"memoria_mb":2,"status":200}
{"ts":"2026-09-14T21:17:48-03:00","ruta":"precio_pulsador_exterior.php","metodo":"POST","duracion_ms":1036.7,"memoria_mb":2,"status":200}
{"ts":"2026-09-14T21:17:49-03:00","ruta":"precio_pulsador_exterior.php","metodo":"POST","duracion_ms":895.8,"memoria_mb":2,"status":200}
{"ts":"2026-09-14T21:17:56-03:00","ruta":"calcular.php","metodo":"POST","duracion_ms":7170.3,"memoria_mb":4,"status":302}
{"ts":"2026-09-14T21:17:58-03:00","ruta":"precio_pulsador_exterior.php","metodo":"POST","duracion_ms":1896.7,"memoria_mb":2,"status":200}
{"ts":"2026-09-14T21:18:01-03:00","ruta":"precio_pulsador_exterior.php","metodo":"POST","duracion_ms":2498.3,"memoria_mb":2,"status":200}
{"ts":"2026-09-14T21:18:04-03:00","ruta":"precio_pulsador_exterior.php","metodo":"POST","duracion_ms":2856.7,"memoria_mb":2,"status":200}
{"ts":"2026-09-14T21:18:05-03:00","ruta":"precio_pulsador_exterior.php","metodo":"POST","duracion_ms":1396,"memoria_mb":2,"status":200}
{"ts":"2026-09-14T21:18:13-03:00","ruta":"precio_pulsador_exterior.php","metodo":"POST","duracion_ms":7665.9,"memoria_mb":2,"status":200}
{"ts":"2026-09-14T21:18:15-03:00","ruta":"precio_pulsador_exterior.php","metodo":"POST","duracion_ms":2363.7,"memoria_mb":2,"status":200}
{"ts":"2026-09-14T21:18:25-03:00","ruta":"ver_cotizacion.php","metodo":"GET","duracion_ms":9779.4,"memoria_mb":2,"status":200}
{"ts":"2026-09-14T21:18:30-03:00","ruta":"precio_pulsador_exterior.php","metodo":"POST","duracion_ms":4408.3,"memoria_mb":2,"status":200}
{"ts":"2026-09-14T21:18:31-03:00","ruta":"precio_pulsador_exterior.php","metodo":"POST","duracion_ms":914.2,"memoria_mb":2,"status":200}
{"ts":"2026-09-14T21:18:31-03:00","ruta":"precio_pulsador_exterior.php","metodo":"POST","duracion_ms":601,"memoria_mb":2,"status":200}
{"ts":"2026-09-14T21:18:32-03:00","ruta":"precio_pulsador_exterior.php","metodo":"POST","duracion_ms":550.9,"memoria_mb":2,"status":200}
{"ts":"2026-09-14T21:18:32-03:00","ruta":"precio_pulsador_exterior.php","metodo":"POST","duracion_ms":505.2,"memoria_mb":2,"status":200}
{"ts":"2026-09-14T21:18:33-03:00","ruta":"precio_pulsador_exterior.php","metodo":"POST","duracion_ms":595.6,"memoria_mb":2,"status":200}
{"ts":"2026-09-14T21:18:34-03:00","ruta":"precio_pulsador_exterior.php","metodo":"POST","duracion_ms":665.7,"memoria_mb":2,"status":200}
{"ts":"2026-09-14T21:18:35-03:00","ruta":"precio_pulsador_exterior.php","metodo":"POST","duracion_ms":950.4,"memoria_mb":2,"status":200}
{"ts":"2026-09-14T21:18:36-03:00","ruta":"precio_pulsador_exterior.php","metodo":"POST","duracion_ms":1048.3,"memoria_mb":2,"status":200}
{"ts":"2026-09-14T21:18:36-03:00","ruta":"precio_pulsador_exterior.php","metodo":"POST","duracion_ms":654.1,"memoria_mb":2,"status":200}
{"ts":"2026-09-14T21:18:37-03:00","ruta":"precio_pulsador_exterior.php","metodo":"POST","duracion_ms":863.7,"memoria_mb":2,"status":200}
{"ts":"2026-09-14T21:18:41-03:00","ruta":"generar_pdf_cotizacion.php","metodo":"GET","duracion_ms":3605.9,"memoria_mb":2,"status":302}
{"ts":"2026-09-14T21:22:03-03:00","ruta":"index.php","metodo":"GET","duracion_ms":7420.3,"memoria_mb":2,"status":302}
{"ts":"2026-09-14T21:22:13-03:00","ruta":"index.php","metodo":"GET","duracion_ms":9625.4,"memoria_mb":4,"status":200}
{"ts":"2026-09-14T21:25:05-03:00","ruta":"index.php","metodo":"GET","duracion_ms":11630.2,"memoria_mb":4,"status":200}
{"ts":"2026-09-14T21:27:33-03:00","ruta":"index.php","metodo":"GET","duracion_ms":8414.5,"memoria_mb":4,"status":200}
{"ts":"2026-09-14T21:27:53-03:00","ruta":"index.php","metodo":"GET","duracion_ms":8724.1,"memoria_mb":2,"status":200}
{"ts":"2026-09-14T21:28:19-03:00","ruta":"index.php","metodo":"GET","duracion_ms":8614.6,"memoria_mb":4,"status":200}
{"ts":"2026-09-14T21:28:22-03:00","ruta":"get_corriente_variador.php","metodo":"POST","duracion_ms":1709.8,"memoria_mb":2,"status":200}
{"ts":"2026-09-14T21:28:23-03:00","ruta":"get_subtipos.php","metodo":"POST","duracion_ms":2484.6,"memoria_mb":2,"status":200}
{"ts":"2026-09-14T21:30:36-03:00","ruta":"index.php","metodo":"GET","duracion_ms":8391.1,"memoria_mb":4,"status":200}
{"ts":"2026-09-14T21:30:39-03:00","ruta":"get_corriente_variador.php","metodo":"POST","duracion_ms":2070.1,"memoria_mb":2,"status":200}
{"ts":"2026-09-14T21:30:39-03:00","ruta":"get_subtipos.php","metodo":"POST","duracion_ms":2354.1,"memoria_mb":2,"status":200}
{"ts":"2026-09-14T21:30:58-03:00","ruta":"index.php","metodo":"GET","duracion_ms":6174.1,"memoria_mb":2,"status":302}
{"ts":"2026-09-14T21:31:07-03:00","ruta":"index.php","metodo":"GET","duracion_ms":8784.2,"memoria_mb":4,"status":200}
{"ts":"2026-09-14T21:31:27-03:00","ruta":"index.php","metodo":"GET","duracion_ms":8466.2,"memoria_mb":4,"status":200}
{"ts":"2026-09-14T21:31:29-03:00","ruta":"get_subtipos.php","metodo":"POST","duracion_ms":1661.7,"memoria_mb":2,"status":200}
{"ts":"2026-09-14T21:31:30-03:00","ruta":"get_corriente_variador.php","metodo":"POST","duracion_ms":893.4,"memoria_mb":2,"status":200}
{"ts":"2026-09-14T21:31:42-03:00","ruta":"calcular.php","metodo":"POST","duracion_ms":5453.8,"memoria_mb":4,"status":200}
{"ts":"2026-09-14T21:31:48-03:00","ruta":"calcular.php","metodo":"POST","duracion_ms":5548.7,"memoria_mb":4,"status":200}
{"ts":"2026-09-14T21:31:52-03:00","ruta":"calcular.php","metodo":"POST","duracion_ms":3872.7,"memoria_mb":4,"status":200}
{"ts":"2026-09-14T21:31:56-03:00","ruta":"calcular.php","metodo":"POST","duracion_ms":4112.8,"memoria_mb":4,"status":200}
{"ts":"2026-09-14T21:31:57-03:00","ruta":"get_corriente_variador.php","metodo":"POST","duracion_ms":617.6,"memoria_mb":2,"status":200}
{"ts":"2026-09-14T21:34:35-03:00","ruta":"index.php","metodo":"GET","duracion_ms":8403.9,"memoria_mb":4,"status":200}
{"ts":"2026-09-14T21:34:37-03:00","ruta":"get_corriente_variador.php","metodo":"POST","duracion_ms":1635.5,"memoria_mb":2,"status":200}
{"ts":"2026-09-14T21:34:38-03:00","ruta":"get_subtipos.php","metodo":"POST","duracion_ms":2447.5,"memoria_mb":2,"status":200}
{"ts":"2026-09-14T21:34:41-03:00","ruta":"calcular.php","metodo":"POST","duracion_ms":3301.2,"memoria_mb":4,"status":200}
{"ts":"2026-09-14T21:34:42-03:00","ruta":"get_corriente_variador.php","metodo":"POST","duracion_ms":525.6,"memoria_mb":2,"status":200}
{"ts":"2026-09-15T00:13:55-03:00","ruta":"index.php","metodo":"GET","duracion_ms":14064.2,"memoria_mb":2,"status":200}
{"ts":"2026-09-15T00:13:58-03:00","ruta":"get_subtipos.php","metodo":"POST","duracion_ms":1954.4,"memoria_mb":2,"status":200}
{"ts":"2026-09-15T00:13:59-03:00","ruta":"get_corriente_variador.php","metodo":"POST","duracion_ms":1127.5,"memoria_mb":2,"status":200}
{"ts":"2026-09-15T00:14:03-03:00","ruta":"calcular.php","metodo":"POST","duracion_ms":3543.6,"memoria_mb":4,"status":200}
{"ts":"2026-09-15T00:14:05-03:00","ruta":"get_corriente_variador.php","metodo":"POST","duracion_ms":1061.8,"memoria_mb":2,"status":200}
{"ts":"2026-09-15T00:14:27-03:00","ruta":"diagnostico_integridad.php","metodo":"GET","duracion_ms":9382.4,"memoria_mb":2,"status":200}
{"ts":"2026-09-15T00:40:15-03:00","ruta":"index.php","metodo":"GET","duracion_ms":12818.3,"memoria_mb":2,"status":302}
{"ts":"2026-09-15T00:40:16-03:00","ruta":"login.php","metodo":"GET","duracion_ms":1046,"memoria_mb":2,"status":200}
{"ts":"2026-09-15T00:40:25-03:00","ruta":"login.php","metodo":"POST","duracion_ms":1253.5,"memoria_mb":2,"status":302}
{"ts":"2026-09-15T00:40:33-03:00","ruta":"index.php","metodo":"GET","duracion_ms":8123.7,"memoria_mb":4,"status":200}
{"ts":"2026-09-15T00:42:25-03:00","ruta":"mis_preferencias.php","metodo":"GET","duracion_ms":1562.5,"memoria_mb":2,"status":200}
{"ts":"2026-09-15T00:42:38-03:00","ruta":"administrar_usuarios.php","metodo":"GET","duracion_ms":1348.6,"memoria_mb":2,"status":200}
{"ts":"2026-09-15T00:42:53-03:00","ruta":"administrar_usuarios.php","metodo":"POST","duracion_ms":1323.1,"memoria_mb":2,"status":200}
{"ts":"2026-09-15T00:43:12-03:00","ruta":"index.php","metodo":"GET","duracion_ms":7157,"memoria_mb":2,"status":302}
{"ts":"2026-09-15T00:43:20-03:00","ruta":"index.php","metodo":"GET","duracion_ms":8859.9,"memoria_mb":4,"status":200}
{"ts":"2026-09-15T00:43:41-03:00","ruta":"diagnostico_integridad.php","metodo":"GET","duracion_ms":9117.6,"memoria_mb":2,"status":200}
{"ts":"2026-09-15T00:45:13-03:00","ruta":"login.php","metodo":"GET","duracion_ms":3568.7,"memoria_mb":2,"status":200}
{"ts":"2026-09-15T21:32:59-03:00","ruta":"index.php","metodo":"GET","duracion_ms":1465.7,"memoria_mb":2,"status":302}
{"ts":"2026-09-15T21:33:00-03:00","ruta":"login.php","metodo":"GET","duracion_ms":1059.8,"memoria_mb":2,"status":200}
{"ts":"2026-09-15T21:33:07-03:00","ruta":"login.php","metodo":"POST","duracion_ms":3755,"memoria_mb":2,"status":302}
{"ts":"2026-09-15T21:33:30-03:00","ruta":"index.php","metodo":"GET","duracion_ms":22283.7,"memoria_mb":4,"status":200}
{"ts":"2026-09-15T21:33:43-03:00","ruta":"repuestos_integracion.php","metodo":"GET","duracion_ms":816.7,"memoria_mb":2,"status":200}
{"ts":"2026-09-15T22:08:22-03:00","ruta":"index.php","metodo":"GET","duracion_ms":794.5,"memoria_mb":2,"status":302}
{"ts":"2026-09-15T22:08:23-03:00","ruta":"login.php","metodo":"GET","duracion_ms":605.6,"memoria_mb":2,"status":200}
{"ts":"2026-09-15T22:08:54-03:00","ruta":"login.php","metodo":"POST","duracion_ms":532.3,"memoria_mb":2,"status":200}
{"ts":"2026-09-15T22:09:12-03:00","ruta":"login.php","metodo":"POST","duracion_ms":519,"memoria_mb":2,"status":200}
{"ts":"2026-09-15T22:09:26-03:00","ruta":"login.php","metodo":"POST","duracion_ms":504.4,"memoria_mb":2,"status":302}
{"ts":"2026-09-15T22:09:29-03:00","ruta":"index.php","metodo":"GET","duracion_ms":3858.6,"memoria_mb":6,"status":200}
{"ts":"2026-09-15T22:10:05-03:00","ruta":"cliente_especificaciones_api.php","metodo":"GET","duracion_ms":724.8,"memoria_mb":2,"status":200}
{"ts":"2026-09-15T22:10:06-03:00","ruta":"get_cliente.php","metodo":"GET","duracion_ms":1024.6,"memoria_mb":2,"status":200}
{"ts":"2026-09-15T22:10:12-03:00","ruta":"index.php","metodo":"GET","duracion_ms":3747.5,"memoria_mb":6,"status":200}
{"ts":"2026-09-15T22:10:14-03:00","ruta":"get_subtipos.php","metodo":"POST","duracion_ms":936,"memoria_mb":2,"status":200}
{"ts":"2026-09-15T22:10:15-03:00","ruta":"cliente_especificaciones_api.php","metodo":"GET","duracion_ms":1467.2,"memoria_mb":2,"status":200}
{"ts":"2026-09-15T22:10:16-03:00","ruta":"get_cliente.php","metodo":"GET","duracion_ms":2952.9,"memoria_mb":2,"status":200}
{"ts":"2026-09-15T22:10:17-03:00","ruta":"cliente_especificaciones_api.php","metodo":"GET","duracion_ms":622.5,"memoria_mb":2,"status":200}
{"ts":"2026-09-15T22:10:17-03:00","ruta":"get_cliente.php","metodo":"GET","duracion_ms":1015.7,"memoria_mb":2,"status":200}
{"ts":"2026-09-15T22:10:23-03:00","ruta":"calcular.php","metodo":"POST","duracion_ms":2692.2,"memoria_mb":2,"status":200}
{"ts":"2026-09-15T22:10:25-03:00","ruta":"calcular.php","metodo":"POST","duracion_ms":1742.9,"memoria_mb":4,"status":200}
{"ts":"2026-09-15T22:10:27-03:00","ruta":"calcular.php","metodo":"POST","duracion_ms":1997.1,"memoria_mb":4,"status":200}
{"ts":"2026-09-15T22:10:29-03:00","ruta":"calcular.php","metodo":"POST","duracion_ms":1873.1,"memoria_mb":4,"status":200}
{"ts":"2026-09-15T22:10:30-03:00","ruta":"get_corriente_variador.php","metodo":"POST","duracion_ms":640.4,"memoria_mb":2,"status":200}
{"ts":"2026-09-15T22:10:53-03:00","ruta":"precio_pulsador_exterior.php","metodo":"POST","duracion_ms":891.3,"memoria_mb":2,"status":200}
{"ts":"2026-09-15T22:11:00-03:00","ruta":"calcular_senalizacion.php","metodo":"POST","duracion_ms":1751,"memoria_mb":2,"status":200}
{"ts":"2026-09-15T22:11:07-03:00","ruta":"precio_pulsador_exterior.php","metodo":"POST","duracion_ms":565.8,"memoria_mb":2,"status":200}
{"ts":"2026-09-15T22:11:13-03:00","ruta":"calcular_senalizacion.php","metodo":"POST","duracion_ms":2600.4,"memoria_mb":2,"status":200}
{"ts":"2026-09-15T22:11:14-03:00","ruta":"precio_pulsador_exterior.php","metodo":"POST","duracion_ms":1118.6,"memoria_mb":2,"status":200}
{"ts":"2026-09-15T22:11:18-03:00","ruta":"precio_pulsador_exterior.php","metodo":"POST","duracion_ms":910.6,"memoria_mb":2,"status":200}
{"ts":"2026-09-15T22:11:21-03:00","ruta":"precio_pulsador_exterior.php","metodo":"POST","duracion_ms":509.5,"memoria_mb":2,"status":200}
{"ts":"2026-09-15T22:11:23-03:00","ruta":"precio_pulsador_exterior.php","metodo":"POST","duracion_ms":763.8,"memoria_mb":2,"status":200}
{"ts":"2026-09-15T22:11:24-03:00","ruta":"precio_pulsador_exterior.php","metodo":"POST","duracion_ms":1288.9,"memoria_mb":2,"status":200}
{"ts":"2026-09-15T22:11:28-03:00","ruta":"calcular_senalizacion.php","metodo":"POST","duracion_ms":2479.4,"memoria_mb":2,"status":200}
{"ts":"2026-09-15T22:11:28-03:00","ruta":"precio_pulsador_exterior.php","metodo":"POST","duracion_ms":640.6,"memoria_mb":2,"status":200}
{"ts":"2026-09-15T22:11:33-03:00","ruta":"precio_pulsador_exterior.php","metodo":"POST","duracion_ms":806.7,"memoria_mb":2,"status":200}
{"ts":"2026-09-15T22:11:34-03:00","ruta":"precio_pulsador_exterior.php","metodo":"POST","duracion_ms":982.1,"memoria_mb":2,"status":200}
{"ts":"2026-09-15T22:11:39-03:00","ruta":"precio_pulsador_exterior.php","metodo":"POST","duracion_ms":752.6,"memoria_mb":2,"status":200}
{"ts":"2026-09-15T22:11:40-03:00","ruta":"precio_pulsador_exterior.php","metodo":"POST","duracion_ms":736.9,"memoria_mb":2,"status":200}
{"ts":"2026-09-15T22:11:46-03:00","ruta":"precio_pulsador_exterior.php","metodo":"POST","duracion_ms":623.9,"memoria_mb":2,"status":200}
{"ts":"2026-09-15T22:11:47-03:00","ruta":"precio_pulsador_exterior.php","metodo":"POST","duracion_ms":529.8,"memoria_mb":2,"status":200}
{"ts":"2026-09-15T22:11:48-03:00","ruta":"precio_pulsador_exterior.php","metodo":"POST","duracion_ms":565.1,"memoria_mb":2,"status":200}
{"ts":"2026-09-15T22:11:49-03:00","ruta":"precio_pulsador_exterior.php","metodo":"POST","duracion_ms":541.5,"memoria_mb":2,"status":200}
{"ts":"2026-09-15T22:11:50-03:00","ruta":"precio_pulsador_exterior.php","metodo":"POST","duracion_ms":536.3,"memoria_mb":2,"status":200}
{"ts":"2026-09-15T22:11:52-03:00","ruta":"precio_pulsador_exterior.php","metodo":"POST","duracion_ms":521,"memoria_mb":2,"status":200}
{"ts":"2026-09-15T22:11:52-03:00","ruta":"precio_pulsador_exterior.php","metodo":"POST","duracion_ms":569.2,"memoria_mb":2,"status":200}
{"ts":"2026-09-15T22:11:53-03:00","ruta":"precio_pulsador_exterior.php","metodo":"POST","duracion_ms":526,"memoria_mb":2,"status":200}
{"ts":"2026-09-15T22:11:54-03:00","ruta":"precio_pulsador_exterior.php","metodo":"POST","duracion_ms":828.7,"memoria_mb":2,"status":200}
{"ts":"2026-09-15T22:11:54-03:00","ruta":"precio_pulsador_exterior.php","metodo":"POST","duracion_ms":521.3,"memoria_mb":2,"status":200}
{"ts":"2026-09-15T22:11:57-03:00","ruta":"precio_pulsador_exterior.php","metodo":"POST","duracion_ms":967.8,"memoria_mb":2,"status":200}
{"ts":"2026-09-15T22:12:02-03:00","ruta":"precio_pulsador_exterior.php","metodo":"POST","duracion_ms":1158.9,"memoria_mb":2,"status":200}
{"ts":"2026-09-15T22:12:04-03:00","ruta":"precio_pulsador_exterior.php","metodo":"POST","duracion_ms":543.1,"memoria_mb":2,"status":200}
{"ts":"2026-09-15T22:12:06-03:00","ruta":"calcular_senalizacion.php","metodo":"POST","duracion_ms":1801,"memoria_mb":2,"status":200}
{"ts":"2026-09-15T22:12:07-03:00","ruta":"precio_pulsador_exterior.php","metodo":"POST","duracion_ms":785.5,"memoria_mb":2,"status":200}
{"ts":"2026-09-15T22:12:08-03:00","ruta":"precio_pulsador_exterior.php","metodo":"POST","duracion_ms":806.7,"memoria_mb":2,"status":200}
{"ts":"2026-09-15T22:12:10-03:00","ruta":"precio_pulsador_exterior.php","metodo":"POST","duracion_ms":1388.2,"memoria_mb":2,"status":200}
{"ts":"2026-09-15T22:12:11-03:00","ruta":"precio_pulsador_exterior.php","metodo":"POST","duracion_ms":515.5,"memoria_mb":2,"status":200}
{"ts":"2026-09-15T22:12:15-03:00","ruta":"calcular_senalizacion.php","metodo":"POST","duracion_ms":3128.7,"memoria_mb":2,"status":200}
{"ts":"2026-09-15T22:12:17-03:00","ruta":"precio_pulsador_exterior.php","metodo":"POST","duracion_ms":605.6,"memoria_mb":2,"status":200}
{"ts":"2026-09-15T22:12:21-03:00","ruta":"calcular_senalizacion.php","metodo":"POST","duracion_ms":1459.5,"memoria_mb":2,"status":200}
{"ts":"2026-09-15T22:12:22-03:00","ruta":"precio_pulsador_exterior.php","metodo":"POST","duracion_ms":600.2,"memoria_mb":2,"status":200}
{"ts":"2026-09-15T22:12:43-03:00","ruta":"precio_pulsador_exterior.php","metodo":"POST","duracion_ms":729.4,"memoria_mb":2,"status":200}
{"ts":"2026-09-15T22:12:48-03:00","ruta":"calcular.php","metodo":"POST","duracion_ms":2920.7,"memoria_mb":4,"status":302}
{"ts":"2026-09-15T22:12:52-03:00","ruta":"calcular.php","metodo":"POST","duracion_ms":3229.6,"memoria_mb":4,"status":200}
{"ts":"2026-09-15T22:12:53-03:00","ruta":"precio_pulsador_exterior.php","metodo":"POST","duracion_ms":689.4,"memoria_mb":2,"status":200}
{"ts":"2026-09-15T22:12:56-03:00","ruta":"ver_cotizacion.php","metodo":"GET","duracion_ms":1776.4,"memoria_mb":2,"status":200}
{"ts":"2026-09-15T22:12:57-03:00","ruta":"precio_pulsador_exterior.php","metodo":"POST","duracion_ms":546.4,"memoria_mb":2,"status":200}
{"ts":"2026-09-15T22:13:39-03:00","ruta":"generar_pdf_cotizacion.php","metodo":"GET","duracion_ms":2547.1,"memoria_mb":2,"status":302}
{"ts":"2026-09-15T22:15:24-03:00","ruta":"cotizaciones.php","metodo":"GET","duracion_ms":2105.9,"memoria_mb":4,"status":200}
{"ts":"2026-09-15T22:15:35-03:00","ruta":"ver_cotizacion.php","metodo":"GET","duracion_ms":3259.2,"memoria_mb":2,"status":200}
{"ts":"2026-09-15T22:15:45-03:00","ruta":"generar_pdf_cotizacion.php","metodo":"GET","duracion_ms":2495.8,"memoria_mb":2,"status":302}
{"ts":"2026-09-15T22:16:00-03:00","ruta":"cotizaciones.php","metodo":"GET","duracion_ms":2085.8,"memoria_mb":4,"status":200}
{"ts":"2026-09-15T22:16:25-03:00","ruta":"index.php","metodo":"GET","duracion_ms":4220.5,"memoria_mb":6,"status":200}
{"ts":"2026-09-15T22:16:26-03:00","ruta":"get_subtipos.php","metodo":"POST","duracion_ms":930.9,"memoria_mb":2,"status":200}
{"ts":"2026-09-15T22:16:28-03:00","ruta":"cliente_especificaciones_api.php","metodo":"GET","duracion_ms":1797.7,"memoria_mb":2,"status":200}
{"ts":"2026-09-15T22:16:30-03:00","ruta":"get_cliente.php","metodo":"GET","duracion_ms":4300.6,"memoria_mb":2,"status":200}
{"ts":"2026-09-15T22:16:35-03:00","ruta":"precio_pulsador_exterior.php","metodo":"POST","duracion_ms":532.9,"memoria_mb":2,"status":200}
{"ts":"2026-09-15T22:16:37-03:00","ruta":"precio_pulsador_exterior.php","metodo":"POST","duracion_ms":712.5,"memoria_mb":2,"status":200}
{"ts":"2026-09-15T22:16:39-03:00","ruta":"precio_pulsador_exterior.php","metodo":"POST","duracion_ms":753.3,"memoria_mb":2,"status":200}
{"ts":"2026-09-15T22:16:40-03:00","ruta":"precio_pulsador_exterior.php","metodo":"POST","duracion_ms":666.3,"memoria_mb":2,"status":200}
{"ts":"2026-09-15T22:16:42-03:00","ruta":"precio_pulsador_exterior.php","metodo":"POST","duracion_ms":1032.8,"memoria_mb":2,"status":200}
{"ts":"2026-09-15T22:16:43-03:00","ruta":"precio_pulsador_exterior.php","metodo":"POST","duracion_ms":573.3,"memoria_mb":2,"status":200}
{"ts":"2026-09-15T22:16:44-03:00","ruta":"precio_pulsador_exterior.php","metodo":"POST","duracion_ms":705,"memoria_mb":2,"status":200}
{"ts":"2026-09-15T22:16:45-03:00","ruta":"precio_pulsador_exterior.php","metodo":"POST","duracion_ms":888.3,"memoria_mb":2,"status":200}
{"ts":"2026-09-15T22:16:45-03:00","ruta":"precio_pulsador_exterior.php","metodo":"POST","duracion_ms":753.2,"memoria_mb":2,"status":200}
{"ts":"2026-09-15T22:16:47-03:00","ruta":"precio_pulsador_exterior.php","metodo":"POST","duracion_ms":1096,"memoria_mb":2,"status":200}
{"ts":"2026-09-15T22:16:47-03:00","ruta":"precio_pulsador_exterior.php","metodo":"POST","duracion_ms":839.4,"memoria_mb":2,"status":200}
{"ts":"2026-09-15T22:16:48-03:00","ruta":"precio_pulsador_exterior.php","metodo":"POST","duracion_ms":707.6,"memoria_mb":2,"status":200}
{"ts":"2026-09-15T22:16:49-03:00","ruta":"precio_pulsador_exterior.php","metodo":"POST","duracion_ms":929.8,"memoria_mb":2,"status":200}
{"ts":"2026-09-15T22:16:50-03:00","ruta":"precio_pulsador_exterior.php","metodo":"POST","duracion_ms":774.3,"memoria_mb":2,"status":200}
{"ts":"2026-09-15T22:16:51-03:00","ruta":"precio_pulsador_exterior.php","metodo":"POST","duracion_ms":600.8,"memoria_mb":2,"status":200}
{"ts":"2026-09-15T22:16:51-03:00","ruta":"precio_pulsador_exterior.php","metodo":"POST","duracion_ms":738.9,"memoria_mb":2,"status":200}
{"ts":"2026-09-15T22:16:52-03:00","ruta":"precio_pulsador_exterior.php","metodo":"POST","duracion_ms":630.1,"memoria_mb":2,"status":200}
{"ts":"2026-09-15T22:16:53-03:00","ruta":"precio_pulsador_exterior.php","metodo":"POST","duracion_ms":675,"memoria_mb":2,"status":200}
{"ts":"2026-09-15T22:16:53-03:00","ruta":"precio_pulsador_exterior.php","metodo":"POST","duracion_ms":706.9,"memoria_mb":2,"status":200}
{"ts":"2026-09-15T22:16:54-03:00","ruta":"precio_pulsador_exterior.php","metodo":"POST","duracion_ms":676.3,"memoria_mb":2,"status":200}
{"ts":"2026-09-15T22:16:55-03:00","ruta":"precio_pulsador_exterior.php","metodo":"POST","duracion_ms":806,"memoria_mb":2,"status":200}
{"ts":"2026-09-15T22:16:57-03:00","ruta":"precio_pulsador_exterior.php","metodo":"POST","duracion_ms":2400.2,"memoria_mb":2,"status":200}
{"ts":"2026-09-15T22:17:03-03:00","ruta":"calcular.php","metodo":"POST","duracion_ms":3253.2,"memoria_mb":4,"status":302}
{"ts":"2026-09-15T22:17:07-03:00","ruta":"ver_cotizacion.php","metodo":"GET","duracion_ms":1885.6,"memoria_mb":2,"status":200}
{"ts":"2026-09-15T22:17:07-03:00","ruta":"precio_pulsador_exterior.php","metodo":"POST","duracion_ms":747.6,"memoria_mb":2,"status":200}
{"ts":"2026-09-15T22:17:10-03:00","ruta":"precio_pulsador_exterior.php","metodo":"POST","duracion_ms":503.6,"memoria_mb":2,"status":200}
{"ts":"2026-09-15T22:17:27-03:00","ruta":"generar_pdf_cotizacion.php","metodo":"GET","duracion_ms":3082.8,"memoria_mb":2,"status":302}
{"ts":"2026-09-15T22:17:39-03:00","ruta":"crear_pedido.php","metodo":"GET","duracion_ms":1944.5,"memoria_mb":2,"status":302}
{"ts":"2026-09-15T22:17:41-03:00","ruta":"pedido_preintegracion.php","metodo":"GET","duracion_ms":1800.7,"memoria_mb":4,"status":200}
{"ts":"2026-09-15T22:18:03-03:00","ruta":"pedido_preintegracion.php","metodo":"POST","duracion_ms":2287,"memoria_mb":4,"status":302}
{"ts":"2026-09-15T22:18:05-03:00","ruta":"ver_pedido.php","metodo":"GET","duracion_ms":1902.4,"memoria_mb":2,"status":200}
{"ts":"2026-09-15T22:18:15-03:00","ruta":"generar_pdf_pedido.php","metodo":"GET","duracion_ms":2890.9,"memoria_mb":2,"status":302}
{"ts":"2026-09-15T22:18:24-03:00","ruta":"ordenes_fabricacion.php","metodo":"GET","duracion_ms":2656.2,"memoria_mb":4,"status":200}
{"ts":"2026-09-15T22:18:32-03:00","ruta":"generar_pdf_orden_fabricacion.php","metodo":"GET","duracion_ms":2589.3,"memoria_mb":4,"status":302}
{"ts":"2026-09-15T22:21:06-03:00","ruta":"diagnostico_depuracion.php","metodo":"GET","duracion_ms":120001,"memoria_mb":6,"status":200}
{"ts":"2026-09-15T22:23:21-03:00","ruta":"index.php","metodo":"GET","duracion_ms":3483.3,"memoria_mb":2,"status":302}
{"ts":"2026-09-15T22:23:25-03:00","ruta":"index.php","metodo":"GET","duracion_ms":4096.9,"memoria_mb":2,"status":200}
{"ts":"2026-09-15T22:23:28-03:00","ruta":"cotizaciones.php","metodo":"GET","duracion_ms":2659.3,"memoria_mb":2,"status":200}
{"ts":"2026-09-15T22:23:33-03:00","ruta":"comercial.php","metodo":"GET","duracion_ms":3140.1,"memoria_mb":4,"status":200}
{"ts":"2026-09-15T22:33:10-03:00","ruta":"index.php","metodo":"GET","duracion_ms":2879.1,"memoria_mb":2,"status":302}
{"ts":"2026-09-15T22:33:14-03:00","ruta":"index.php","metodo":"GET","duracion_ms":3661.1,"memoria_mb":4,"status":200}
{"ts":"2026-09-15T22:33:25-03:00","ruta":"cliente_especificaciones_api.php","metodo":"GET","duracion_ms":795.6,"memoria_mb":2,"status":200}
{"ts":"2026-09-15T22:33:35-03:00","ruta":"get_corriente_variador.php","metodo":"POST","duracion_ms":705.7,"memoria_mb":2,"status":200}
{"ts":"2026-09-15T22:33:37-03:00","ruta":"get_corriente_variador.php","metodo":"POST","duracion_ms":748.6,"memoria_mb":2,"status":200}
{"ts":"2026-09-15T22:33:38-03:00","ruta":"get_corriente_variador.php","metodo":"POST","duracion_ms":531.4,"memoria_mb":2,"status":200}
{"ts":"2026-09-15T22:33:50-03:00","ruta":"get_corriente_variador.php","metodo":"POST","duracion_ms":529.5,"memoria_mb":2,"status":200}
{"ts":"2026-09-15T22:33:53-03:00","ruta":"get_corriente_variador.php","metodo":"POST","duracion_ms":525.7,"memoria_mb":2,"status":200}
{"ts":"2026-09-15T22:33:54-03:00","ruta":"get_subtipos.php","metodo":"POST","duracion_ms":1485.5,"memoria_mb":2,"status":200}
{"ts":"2026-09-15T22:34:05-03:00","ruta":"get_corriente_variador.php","metodo":"POST","duracion_ms":541,"memoria_mb":2,"status":200}
{"ts":"2026-09-15T22:34:24-03:00","ruta":"calcular.php","metodo":"POST","duracion_ms":1821.6,"memoria_mb":4,"status":422}
{"ts":"2026-09-15T22:34:27-03:00","ruta":"calcular.php","metodo":"POST","duracion_ms":2431.3,"memoria_mb":4,"status":422}
{"ts":"2026-09-15T22:34:29-03:00","ruta":"calcular.php","metodo":"POST","duracion_ms":1924,"memoria_mb":4,"status":422}
{"ts":"2026-09-15T22:34:30-03:00","ruta":"calcular.php","metodo":"POST","duracion_ms":1716.2,"memoria_mb":4,"status":422}
{"ts":"2026-09-15T22:34:32-03:00","ruta":"calcular.php","metodo":"POST","duracion_ms":1902.7,"memoria_mb":4,"status":422}
{"ts":"2026-09-15T22:34:35-03:00","ruta":"calcular.php","metodo":"POST","duracion_ms":2420.6,"memoria_mb":4,"status":422}
{"ts":"2026-09-15T22:34:35-03:00","ruta":"get_corriente_variador.php","metodo":"POST","duracion_ms":531,"memoria_mb":2,"status":200}
{"ts":"2026-09-15T22:34:38-03:00","ruta":"calcular.php","metodo":"POST","duracion_ms":2394.1,"memoria_mb":4,"status":422}
{"ts":"2026-09-15T22:34:39-03:00","ruta":"get_corriente_variador.php","metodo":"POST","duracion_ms":869.7,"memoria_mb":2,"status":200}
{"ts":"2026-09-15T22:34:41-03:00","ruta":"calcular.php","metodo":"POST","duracion_ms":2050.9,"memoria_mb":4,"status":422}
{"ts":"2026-09-15T22:34:43-03:00","ruta":"calcular.php","metodo":"POST","duracion_ms":1722.7,"memoria_mb":4,"status":422}
{"ts":"2026-09-15T22:35:13-03:00","ruta":"calcular.php","metodo":"POST","duracion_ms":1918.7,"memoria_mb":4,"status":200}
{"ts":"2026-09-15T22:35:28-03:00","ruta":"calcular.php","metodo":"POST","duracion_ms":2453.4,"memoria_mb":4,"status":200}
{"ts":"2026-09-15T22:35:30-03:00","ruta":"calcular.php","metodo":"POST","duracion_ms":1853.2,"memoria_mb":4,"status":200}
{"ts":"2026-09-15T22:35:32-03:00","ruta":"calcular.php","metodo":"POST","duracion_ms":1722.2,"memoria_mb":4,"status":422}
{"ts":"2026-09-15T22:35:33-03:00","ruta":"calcular.php","metodo":"POST","duracion_ms":1567.2,"memoria_mb":4,"status":422}
{"ts":"2026-09-15T22:35:35-03:00","ruta":"calcular.php","metodo":"POST","duracion_ms":1966.2,"memoria_mb":4,"status":422}
{"ts":"2026-09-15T22:35:37-03:00","ruta":"calcular.php","metodo":"POST","duracion_ms":1981.2,"memoria_mb":4,"status":422}
{"ts":"2026-09-15T22:35:44-03:00","ruta":"calcular.php","metodo":"POST","duracion_ms":1878.7,"memoria_mb":4,"status":422}
{"ts":"2026-09-15T22:35:47-03:00","ruta":"calcular.php","metodo":"POST","duracion_ms":1725.1,"memoria_mb":4,"status":422}
{"ts":"2026-09-15T22:35:54-03:00","ruta":"calcular.php","metodo":"POST","duracion_ms":1773.9,"memoria_mb":4,"status":422}
{"ts":"2026-09-15T22:36:34-03:00","ruta":"calcular.php","metodo":"POST","duracion_ms":2315.3,"memoria_mb":4,"status":422}
{"ts":"2026-09-15T22:36:36-03:00","ruta":"calcular.php","metodo":"POST","duracion_ms":2075.3,"memoria_mb":4,"status":422}
{"ts":"2026-09-15T22:36:44-03:00","ruta":"index.php","metodo":"GET","duracion_ms":3511.8,"memoria_mb":6,"status":200}
{"ts":"2026-09-15T22:36:45-03:00","ruta":"get_subtipos.php","metodo":"POST","duracion_ms":868.7,"memoria_mb":2,"status":200}
{"ts":"2026-09-15T22:36:47-03:00","ruta":"get_cliente.php","metodo":"GET","duracion_ms":1776.8,"memoria_mb":2,"status":200}
{"ts":"2026-09-15T22:36:47-03:00","ruta":"cliente_especificaciones_api.php","metodo":"GET","duracion_ms":745.6,"memoria_mb":2,"status":200}
{"ts":"2026-09-15T22:36:48-03:00","ruta":"get_cliente.php","metodo":"GET","duracion_ms":1422.1,"memoria_mb":2,"status":200}
{"ts":"2026-09-15T22:36:50-03:00","ruta":"calcular.php","metodo":"POST","duracion_ms":1733.5,"memoria_mb":4,"status":422}
{"ts":"2026-09-15T22:36:50-03:00","ruta":"cliente_especificaciones_api.php","metodo":"GET","duracion_ms":578.2,"memoria_mb":2,"status":200}
{"ts":"2026-09-15T22:54:10-03:00","ruta":"index.php","metodo":"GET","duracion_ms":3923.4,"memoria_mb":6,"status":200}
{"ts":"2026-09-15T22:54:11-03:00","ruta":"get_subtipos.php","metodo":"POST","duracion_ms":842.1,"memoria_mb":2,"status":200}
{"ts":"2026-09-15T22:54:12-03:00","ruta":"cliente_especificaciones_api.php","metodo":"GET","duracion_ms":1191.6,"memoria_mb":2,"status":200}
{"ts":"2026-09-15T22:54:13-03:00","ruta":"get_cliente.php","metodo":"GET","duracion_ms":2373.6,"memoria_mb":2,"status":200}
{"ts":"2026-09-15T22:54:14-03:00","ruta":"get_cliente.php","metodo":"GET","duracion_ms":1040.1,"memoria_mb":2,"status":200}
{"ts":"2026-09-15T22:56:48-03:00","ruta":"calcular.php","metodo":"POST","duracion_ms":1951.6,"memoria_mb":4,"status":422}
{"ts":"2026-09-15T22:56:52-03:00","ruta":"index.php","metodo":"GET","duracion_ms":3728.6,"memoria_mb":6,"status":200}
{"ts":"2026-09-15T22:56:53-03:00","ruta":"get_subtipos.php","metodo":"POST","duracion_ms":868.7,"memoria_mb":2,"status":200}
{"ts":"2026-09-15T22:56:54-03:00","ruta":"get_corriente_variador.php","metodo":"POST","duracion_ms":1140,"memoria_mb":2,"status":200}
{"ts":"2026-09-15T22:56:55-03:00","ruta":"cliente_especificaciones_api.php","metodo":"GET","duracion_ms":726,"memoria_mb":2,"status":200}
{"ts":"2026-09-15T22:56:55-03:00","ruta":"get_cliente.php","metodo":"GET","duracion_ms":2810.4,"memoria_mb":2,"status":200}
{"ts":"2026-09-15T22:56:57-03:00","ruta":"calcular.php","metodo":"POST","duracion_ms":1640,"memoria_mb":4,"status":200}
{"ts":"2026-09-15T22:56:57-03:00","ruta":"cliente_especificaciones_api.php","metodo":"GET","duracion_ms":768.5,"memoria_mb":2,"status":200}
{"ts":"2026-09-15T22:56:58-03:00","ruta":"get_cliente.php","metodo":"GET","duracion_ms":2864.3,"memoria_mb":2,"status":200}
{"ts":"2026-09-15T23:48:26-03:00","ruta":"index.php","metodo":"GET","duracion_ms":2850.2,"memoria_mb":2,"status":200}
{"ts":"2026-09-15T23:48:29-03:00","ruta":"index.php","metodo":"GET","duracion_ms":3376.7,"memoria_mb":6,"status":200}
{"ts":"2026-09-15T23:48:31-03:00","ruta":"get_subtipos.php","metodo":"POST","duracion_ms":1006.4,"memoria_mb":2,"status":200}
{"ts":"2026-09-15T23:48:32-03:00","ruta":"cliente_especificaciones_api.php","metodo":"GET","duracion_ms":635.7,"memoria_mb":2,"status":200}
{"ts":"2026-09-15T23:48:32-03:00","ruta":"get_cliente.php","metodo":"GET","duracion_ms":1931.8,"memoria_mb":2,"status":200}
{"ts":"2026-09-15T23:48:33-03:00","ruta":"cliente_especificaciones_api.php","metodo":"GET","duracion_ms":617,"memoria_mb":2,"status":200}
{"ts":"2026-09-15T23:48:33-03:00","ruta":"get_cliente.php","metodo":"GET","duracion_ms":3221,"memoria_mb":2,"status":200}
{"ts":"2026-09-15T23:48:35-03:00","ruta":"calcular.php","metodo":"POST","duracion_ms":1433.9,"memoria_mb":4,"status":200}
{"ts":"2026-09-15T23:49:06-03:00","ruta":"cotizador","metodo":"GET","duracion_ms":4374.8,"memoria_mb":2,"status":200}
{"ts":"2026-09-15T23:49:07-03:00","ruta":"get_subtipos.php","metodo":"POST","duracion_ms":1447.9,"memoria_mb":2,"status":200}
{"ts":"2026-09-15T23:49:08-03:00","ruta":"cliente_especificaciones_api.php","metodo":"GET","duracion_ms":892.3,"memoria_mb":2,"status":200}
{"ts":"2026-09-15T23:49:09-03:00","ruta":"get_cliente.php","metodo":"GET","duracion_ms":3287,"memoria_mb":2,"status":200}
{"ts":"2026-09-15T23:49:10-03:00","ruta":"cliente_especificaciones_api.php","metodo":"GET","duracion_ms":787.9,"memoria_mb":2,"status":200}
{"ts":"2026-09-15T23:49:11-03:00","ruta":"get_cliente.php","metodo":"GET","duracion_ms":1198.1,"memoria_mb":2,"status":200}
{"ts":"2026-09-15T23:54:17-03:00","ruta":"cotizador","metodo":"GET","duracion_ms":4722.5,"memoria_mb":2,"status":200}
{"ts":"2026-09-15T23:54:19-03:00","ruta":"get_subtipos.php","metodo":"POST","duracion_ms":1660.5,"memoria_mb":2,"status":200}
{"ts":"2026-09-15T23:54:19-03:00","ruta":"cliente_especificaciones_api.php","metodo":"GET","duracion_ms":629.6,"memoria_mb":2,"status":200}
{"ts":"2026-09-15T23:54:20-03:00","ruta":"get_cliente.php","metodo":"GET","duracion_ms":2752.8,"memoria_mb":2,"status":200}
{"ts":"2026-09-15T23:54:21-03:00","ruta":"cliente_especificaciones_api.php","metodo":"GET","duracion_ms":593.9,"memoria_mb":2,"status":200}
{"ts":"2026-09-15T23:54:22-03:00","ruta":"get_cliente.php","metodo":"GET","duracion_ms":1467.5,"memoria_mb":2,"status":200}
{"ts":"2026-09-15T23:54:52-03:00","ruta":"cotizador","metodo":"GET","duracion_ms":3557.4,"memoria_mb":6,"status":200}
{"ts":"2026-09-15T23:54:53-03:00","ruta":"get_subtipos.php","metodo":"POST","duracion_ms":905.2,"memoria_mb":2,"status":200}
{"ts":"2026-09-15T23:54:54-03:00","ruta":"cliente_especificaciones_api.php","metodo":"GET","duracion_ms":1075.2,"memoria_mb":2,"status":200}
{"ts":"2026-09-15T23:54:54-03:00","ruta":"get_cliente.php","metodo":"GET","duracion_ms":2270.5,"memoria_mb":2,"status":200}
{"ts":"2026-09-15T23:54:55-03:00","ruta":"cliente_especificaciones_api.php","metodo":"GET","duracion_ms":514.4,"memoria_mb":2,"status":200}
{"ts":"2026-09-15T23:54:56-03:00","ruta":"get_cliente.php","metodo":"GET","duracion_ms":1379.1,"memoria_mb":2,"status":200}
{"ts":"2026-09-15T23:55:06-03:00","ruta":"index.php","metodo":"GET","duracion_ms":2777.9,"memoria_mb":2,"status":302}
{"ts":"2026-09-15T23:55:10-03:00","ruta":"index.php","metodo":"GET","duracion_ms":3756.4,"memoria_mb":6,"status":200}
{"ts":"2026-09-15T23:58:25-03:00","ruta":"index.php","metodo":"GET","duracion_ms":3797.4,"memoria_mb":4,"status":200}
{"ts":"2026-09-16T00:00:53-03:00","ruta":"index.php","metodo":"GET","duracion_ms":2256.4,"memoria_mb":2,"status":302}
{"ts":"2026-09-16T00:00:56-03:00","ruta":"index.php","metodo":"GET","duracion_ms":3427.6,"memoria_mb":6,"status":200}
{"ts":"2026-09-16T00:38:44-03:00","ruta":"index.php","metodo":"GET","duracion_ms":4621.9,"memoria_mb":2,"status":200}
{"ts":"2026-09-16T00:38:58-03:00","ruta":"index.php","metodo":"GET","duracion_ms":3885.7,"memoria_mb":2,"status":200}
{"ts":"2026-09-16T00:39:10-03:00","ruta":"index.php","metodo":"GET","duracion_ms":2418.1,"memoria_mb":2,"status":302}
{"ts":"2026-09-16T00:39:14-03:00","ruta":"index.php","metodo":"GET","duracion_ms":3613,"memoria_mb":4,"status":200}
{"ts":"2026-09-16T00:44:51-03:00","ruta":"index.php","metodo":"GET","duracion_ms":3843.9,"memoria_mb":2,"status":200}
{"ts":"2026-09-16T00:45:01-03:00","ruta":"index.php","metodo":"GET","duracion_ms":2307.3,"memoria_mb":2,"status":302}
{"ts":"2026-09-16T00:45:04-03:00","ruta":"index.php","metodo":"GET","duracion_ms":3621.5,"memoria_mb":4,"status":200}
{"ts":"2026-09-16T00:50:07-03:00","ruta":"index.php","metodo":"GET","duracion_ms":2399.2,"memoria_mb":2,"status":302}
{"ts":"2026-09-16T00:50:11-03:00","ruta":"index.php","metodo":"GET","duracion_ms":3835.8,"memoria_mb":6,"status":200}
{"ts":"2026-09-16T00:51:54-03:00","ruta":"index.php","metodo":"GET","duracion_ms":4641.6,"memoria_mb":6,"status":200}
{"ts":"2026-09-17T19:47:37-03:00","ruta":"index.php","metodo":"GET","duracion_ms":512.5,"memoria_mb":2,"status":302}
{"ts":"2026-09-17T19:48:08-03:00","ruta":"login.php","metodo":"POST","duracion_ms":545,"memoria_mb":2,"status":302}
{"ts":"2026-09-17T19:48:15-03:00","ruta":"index.php","metodo":"GET","duracion_ms":6499.6,"memoria_mb":6,"status":200}
{"ts":"2026-09-17T20:14:17-03:00","ruta":"index.php","metodo":"GET","duracion_ms":10756.3,"memoria_mb":2,"status":200}
{"ts":"2026-09-17T20:18:00-03:00","ruta":"index.php","metodo":"GET","duracion_ms":4154.9,"memoria_mb":2,"status":200}
{"ts":"2026-09-17T20:18:11-03:00","ruta":"index.php","metodo":"GET","duracion_ms":3705.3,"memoria_mb":4,"status":200}
{"ts":"2026-09-17T20:19:17-03:00","ruta":"index.php","metodo":"GET","duracion_ms":3671.2,"memoria_mb":2,"status":200}
{"ts":"2026-09-17T20:25:05-03:00","ruta":"index.php","metodo":"GET","duracion_ms":3753.6,"memoria_mb":4,"status":200}
{"ts":"2026-09-17T20:26:55-03:00","ruta":"get_cliente.php","metodo":"GET","duracion_ms":944.2,"memoria_mb":2,"status":200}
{"ts":"2026-09-17T20:27:11-03:00","ruta":"guardar_modular_sin_control.php","metodo":"POST","duracion_ms":5470.1,"memoria_mb":4,"status":302}
{"ts":"2026-09-17T20:27:27-03:00","ruta":"ver_cotizacion.php","metodo":"GET","duracion_ms":12373.3,"memoria_mb":2,"status":200}
{"ts":"2026-09-17T20:28:15-03:00","ruta":"generar_pdf_cotizacion.php","metodo":"GET","duracion_ms":2134.7,"memoria_mb":2,"status":302}
{"ts":"2026-09-17T20:37:49-03:00","ruta":"index.php","metodo":"GET","duracion_ms":2527.2,"memoria_mb":2,"status":302}
{"ts":"2026-09-17T20:37:54-03:00","ruta":"index.php","metodo":"GET","duracion_ms":4012.7,"memoria_mb":6,"status":200}
{"ts":"2026-09-17T20:38:44-03:00","ruta":"cliente_especificaciones_api.php","metodo":"GET","duracion_ms":801.6,"memoria_mb":2,"status":200}
{"ts":"2026-09-17T20:38:45-03:00","ruta":"get_cliente.php","metodo":"GET","duracion_ms":1237,"memoria_mb":2,"status":200}
{"ts":"2026-09-17T20:39:07-03:00","ruta":"index.php","metodo":"GET","duracion_ms":5217.7,"memoria_mb":6,"status":200}
{"ts":"2026-09-17T20:39:08-03:00","ruta":"get_subtipos.php","metodo":"POST","duracion_ms":1290.7,"memoria_mb":2,"status":200}
{"ts":"2026-09-17T20:39:10-03:00","ruta":"cliente_especificaciones_api.php","metodo":"GET","duracion_ms":1619.8,"memoria_mb":2,"status":200}
{"ts":"2026-09-17T20:39:10-03:00","ruta":"get_cliente.php","metodo":"GET","duracion_ms":3185.9,"memoria_mb":2,"status":200}
{"ts":"2026-09-17T20:39:11-03:00","ruta":"cliente_especificaciones_api.php","metodo":"GET","duracion_ms":672.8,"memoria_mb":2,"status":200}
{"ts":"2026-09-17T20:39:12-03:00","ruta":"get_cliente.php","metodo":"GET","duracion_ms":1451.5,"memoria_mb":2,"status":200}
{"ts":"2026-09-17T20:39:22-03:00","ruta":"calcular.php","metodo":"POST","duracion_ms":3190.2,"memoria_mb":4,"status":200}
{"ts":"2026-09-17T20:39:24-03:00","ruta":"calcular.php","metodo":"POST","duracion_ms":1934.1,"memoria_mb":4,"status":200}
{"ts":"2026-09-17T20:39:26-03:00","ruta":"calcular.php","metodo":"POST","duracion_ms":1798.5,"memoria_mb":4,"status":200}
{"ts":"2026-09-17T20:39:28-03:00","ruta":"calcular.php","metodo":"POST","duracion_ms":1975.8,"memoria_mb":4,"status":200}
{"ts":"2026-09-17T20:39:44-03:00","ruta":"calcular.php","metodo":"POST","duracion_ms":1631.8,"memoria_mb":4,"status":200}
{"ts":"2026-09-17T20:40:32-03:00","ruta":"index.php","metodo":"GET","duracion_ms":4280.8,"memoria_mb":6,"status":200}
{"ts":"2026-09-17T20:40:33-03:00","ruta":"get_subtipos.php","metodo":"POST","duracion_ms":761,"memoria_mb":2,"status":200}
{"ts":"2026-09-17T20:40:34-03:00","ruta":"get_corriente_variador.php","metodo":"POST","duracion_ms":1028.7,"memoria_mb":2,"status":200}
{"ts":"2026-09-17T20:40:35-03:00","ruta":"cliente_especificaciones_api.php","metodo":"GET","duracion_ms":856.6,"memoria_mb":2,"status":200}
{"ts":"2026-09-17T20:40:36-03:00","ruta":"get_cliente.php","metodo":"GET","duracion_ms":2797.8,"memoria_mb":2,"status":200}
{"ts":"2026-09-17T20:40:37-03:00","ruta":"calcular.php","metodo":"POST","duracion_ms":1492.5,"memoria_mb":4,"status":200}
{"ts":"2026-09-17T20:40:38-03:00","ruta":"cliente_especificaciones_api.php","metodo":"GET","duracion_ms":736.2,"memoria_mb":2,"status":200}
{"ts":"2026-09-17T20:40:38-03:00","ruta":"get_cliente.php","metodo":"GET","duracion_ms":2581.9,"memoria_mb":2,"status":200}
{"ts":"2026-09-17T20:43:02-03:00","ruta":"index.php","metodo":"GET","duracion_ms":2220.3,"memoria_mb":2,"status":302}
{"ts":"2026-09-17T20:43:06-03:00","ruta":"index.php","metodo":"GET","duracion_ms":3956.8,"memoria_mb":6,"status":200}
{"ts":"2026-09-17T20:50:22-03:00","ruta":"index.php","metodo":"GET","duracion_ms":3442.4,"memoria_mb":4,"status":200}
{"ts":"2026-09-17T20:50:38-03:00","ruta":"repuestos_integracion.php","metodo":"GET","duracion_ms":560.5,"memoria_mb":2,"status":200}
{"ts":"2026-09-17T20:51:21-03:00","ruta":"repuestos_integracion.php","metodo":"GET","duracion_ms":1124.1,"memoria_mb":2,"status":200}
{"ts":"2026-09-17T20:51:26-03:00","ruta":"index.php","metodo":"GET","duracion_ms":2280.8,"memoria_mb":2,"status":302}
{"ts":"2026-09-17T20:51:31-03:00","ruta":"index.php","metodo":"GET","duracion_ms":4451.4,"memoria_mb":6,"status":200}
{"ts":"2026-09-17T20:55:32-03:00","ruta":"index.php","metodo":"GET","duracion_ms":9452.4,"memoria_mb":4,"status":200}
{"ts":"2026-09-17T20:55:48-03:00","ruta":"repuestos_integracion.php","metodo":"GET","duracion_ms":863.7,"memoria_mb":2,"status":200}
{"ts":"2026-09-17T20:55:59-03:00","ruta":"repuestos_integracion.php","metodo":"GET","duracion_ms":1468.4,"memoria_mb":2,"status":200}
{"ts":"2026-09-17T20:56:07-03:00","ruta":"repuestos_integracion.php","metodo":"GET","duracion_ms":677.5,"memoria_mb":4,"status":200}
{"ts":"2026-09-17T21:02:23-03:00","ruta":"cotizaciones.php","metodo":"GET","duracion_ms":1909.5,"memoria_mb":2,"status":200}
{"ts":"2026-09-17T21:02:35-03:00","ruta":"pedidos.php","metodo":"GET","duracion_ms":2139.9,"memoria_mb":2,"status":200}
{"ts":"2026-09-17T21:02:46-03:00","ruta":"comercial.php","metodo":"GET","duracion_ms":2539.7,"memoria_mb":2,"status":200}
{"ts":"2026-09-17T21:03:16-03:00","ruta":"comercial.php","metodo":"GET","duracion_ms":2628.6,"memoria_mb":2,"status":200}
{"ts":"2026-09-17T21:04:17-03:00","ruta":"index.php","metodo":"GET","duracion_ms":2264.1,"memoria_mb":2,"status":302}
{"ts":"2026-09-17T21:04:21-03:00","ruta":"index.php","metodo":"GET","duracion_ms":3845.4,"memoria_mb":6,"status":200}
{"ts":"2026-09-17T21:09:54-03:00","ruta":"get_corriente_variador.php","metodo":"POST","duracion_ms":515.1,"memoria_mb":2,"status":200}
{"ts":"2026-09-17T21:09:55-03:00","ruta":"get_corriente_variador.php","metodo":"POST","duracion_ms":506.3,"memoria_mb":2,"status":200}
{"ts":"2026-09-17T21:10:34-03:00","ruta":"get_corriente_variador.php","metodo":"POST","duracion_ms":514.4,"memoria_mb":2,"status":200}
{"ts":"2026-09-17T21:10:34-03:00","ruta":"get_subtipos.php","metodo":"POST","duracion_ms":1403.1,"memoria_mb":2,"status":200}
{"ts":"2026-09-17T21:10:38-03:00","ruta":"get_corriente_variador.php","metodo":"POST","duracion_ms":606.5,"memoria_mb":2,"status":200}
{"ts":"2026-09-17T21:10:41-03:00","ruta":"get_corriente_variador.php","metodo":"POST","duracion_ms":555.7,"memoria_mb":2,"status":200}
{"ts":"2026-09-17T21:10:42-03:00","ruta":"get_corriente_variador.php","metodo":"POST","duracion_ms":557,"memoria_mb":2,"status":200}
{"ts":"2026-09-17T21:10:43-03:00","ruta":"get_corriente_variador.php","metodo":"POST","duracion_ms":618.5,"memoria_mb":2,"status":200}
{"ts":"2026-09-17T21:10:46-03:00","ruta":"calcular.php","metodo":"POST","duracion_ms":2228.7,"memoria_mb":4,"status":422}
{"ts":"2026-09-17T21:10:48-03:00","ruta":"calcular.php","metodo":"POST","duracion_ms":2114.4,"memoria_mb":4,"status":422}
{"ts":"2026-09-17T21:10:51-03:00","ruta":"calcular.php","metodo":"POST","duracion_ms":2404.5,"memoria_mb":4,"status":200}
{"ts":"2026-09-17T21:10:52-03:00","ruta":"get_corriente_variador.php","metodo":"POST","duracion_ms":529.4,"memoria_mb":2,"status":200}
{"ts":"2026-09-17T21:14:08-03:00","ruta":"index.php","metodo":"GET","duracion_ms":3788.6,"memoria_mb":6,"status":200}
{"ts":"2026-09-17T21:14:14-03:00","ruta":"index.php","metodo":"GET","duracion_ms":5449.3,"memoria_mb":6,"status":200}
{"ts":"2026-09-17T21:14:14-03:00","ruta":"get_subtipos.php","metodo":"POST","duracion_ms":6039.1,"memoria_mb":2,"status":200}
{"ts":"2026-09-17T21:14:15-03:00","ruta":"get_subtipos.php","metodo":"POST","duracion_ms":1606.1,"memoria_mb":2,"status":200}
{"ts":"2026-09-17T21:14:40-03:00","ruta":"index.php","metodo":"GET","duracion_ms":6826,"memoria_mb":6,"status":200}
{"ts":"2026-09-17T21:14:41-03:00","ruta":"get_subtipos.php","metodo":"POST","duracion_ms":944.1,"memoria_mb":2,"status":200}
{"ts":"2026-09-17T21:16:30-03:00","ruta":"index.php","metodo":"GET","duracion_ms":3742.3,"memoria_mb":6,"status":200}
{"ts":"2026-09-17T21:16:32-03:00","ruta":"get_subtipos.php","metodo":"POST","duracion_ms":854.8,"memoria_mb":2,"status":200}
{"ts":"2026-09-17T21:16:43-03:00","ruta":"index.php","metodo":"GET","duracion_ms":2792.6,"memoria_mb":2,"status":200}
{"ts":"2026-09-17T21:16:45-03:00","ruta":"index.php","metodo":"GET","duracion_ms":1725.8,"memoria_mb":2,"status":302}
{"ts":"2026-09-17T21:16:48-03:00","ruta":"index.php","metodo":"GET","duracion_ms":2977.4,"memoria_mb":6,"status":200}
{"ts":"2026-09-17T21:20:46-03:00","ruta":"index.php","metodo":"GET","duracion_ms":3791.2,"memoria_mb":4,"status":200}
{"ts":"2026-09-17T21:23:05-03:00","ruta":"index.php","metodo":"GET","duracion_ms":3868.6,"memoria_mb":4,"status":200}
{"ts":"2026-09-17T21:27:42-03:00","ruta":"index.php","metodo":"GET","duracion_ms":3700.6,"memoria_mb":4,"status":200}
{"ts":"2026-09-17T21:27:52-03:00","ruta":"index.php","metodo":"GET","duracion_ms":2385.4,"memoria_mb":2,"status":302}
{"ts":"2026-09-17T21:27:56-03:00","ruta":"index.php","metodo":"GET","duracion_ms":3455.6,"memoria_mb":6,"status":200}
{"ts":"2026-09-17T21:30:02-03:00","ruta":"index.php","metodo":"GET","duracion_ms":3595.6,"memoria_mb":4,"status":200}
{"ts":"2026-09-17T21:33:22-03:00","ruta":"index.php","metodo":"GET","duracion_ms":8036.6,"memoria_mb":4,"status":200}
{"ts":"2026-09-17T21:38:55-03:00","ruta":"index.php","metodo":"GET","duracion_ms":4363.3,"memoria_mb":4,"status":200}
{"ts":"2026-09-17T21:55:43-03:00","ruta":"index.php","metodo":"GET","duracion_ms":3755.9,"memoria_mb":4,"status":200}
{"ts":"2026-09-17T21:59:04-03:00","ruta":"index.php","metodo":"GET","duracion_ms":4288,"memoria_mb":4,"status":200}
{"ts":"2026-09-17T21:59:55-03:00","ruta":"cliente_especificaciones_api.php","metodo":"GET","duracion_ms":867.9,"memoria_mb":2,"status":200}
{"ts":"2026-09-17T21:59:56-03:00","ruta":"get_cliente.php","metodo":"GET","duracion_ms":1294.4,"memoria_mb":2,"status":200}
{"ts":"2026-09-17T22:00:10-03:00","ruta":"guardar_modular_sin_control.php","metodo":"POST","duracion_ms":2109,"memoria_mb":4,"status":302}
{"ts":"2026-09-17T22:00:12-03:00","ruta":"ver_cotizacion.php","metodo":"GET","duracion_ms":2301.1,"memoria_mb":2,"status":200}
{"ts":"2026-09-17T22:00:20-03:00","ruta":"generar_pdf_cotizacion.php","metodo":"GET","duracion_ms":2326.7,"memoria_mb":2,"status":302}
{"ts":"2026-09-17T22:01:34-03:00","ruta":"index.php","metodo":"GET","duracion_ms":4410.9,"memoria_mb":6,"status":200}
{"ts":"2026-09-17T22:01:48-03:00","ruta":"cotizaciones.php","metodo":"GET","duracion_ms":2244.4,"memoria_mb":2,"status":200}
{"ts":"2026-09-17T22:02:03-03:00","ruta":"crear_pedido.php","metodo":"GET","duracion_ms":1683.2,"memoria_mb":2,"status":302}
{"ts":"2026-09-17T22:02:05-03:00","ruta":"pedido_preintegracion.php","metodo":"GET","duracion_ms":1777,"memoria_mb":4,"status":200}
{"ts":"2026-09-17T22:02:30-03:00","ruta":"pedido_preintegracion.php","metodo":"POST","duracion_ms":1926.1,"memoria_mb":4,"status":302}
{"ts":"2026-09-17T22:02:32-03:00","ruta":"ver_pedido.php","metodo":"GET","duracion_ms":1811.4,"memoria_mb":2,"status":200}
{"ts":"2026-09-17T22:02:40-03:00","ruta":"ordenes_fabricacion.php","metodo":"GET","duracion_ms":2456.4,"memoria_mb":4,"status":200}
{"ts":"2026-09-17T22:02:46-03:00","ruta":"generar_pdf_orden_fabricacion.php","metodo":"GET","duracion_ms":2232.5,"memoria_mb":4,"status":302}
{"ts":"2026-09-17T22:03:20-03:00","ruta":"index.php","metodo":"GET","duracion_ms":2324,"memoria_mb":2,"status":302}
{"ts":"2026-09-17T22:03:23-03:00","ruta":"index.php","metodo":"GET","duracion_ms":3547,"memoria_mb":6,"status":200}
{"ts":"2026-09-17T22:05:32-03:00","ruta":"pedidos.php","metodo":"GET","duracion_ms":2251.3,"memoria_mb":2,"status":200}
{"ts":"2026-09-17T22:05:50-03:00","ruta":"index.php","metodo":"GET","duracion_ms":4218.7,"memoria_mb":2,"status":200}
{"ts":"2026-09-17T22:05:52-03:00","ruta":"cliente_especificaciones_api.php","metodo":"GET","duracion_ms":1448.7,"memoria_mb":2,"status":200}
{"ts":"2026-09-17T22:05:53-03:00","ruta":"get_cliente.php","metodo":"GET","duracion_ms":2033.9,"memoria_mb":2,"status":200}
{"ts":"2026-09-17T22:05:53-03:00","ruta":"cliente_especificaciones_api.php","metodo":"GET","duracion_ms":511.4,"memoria_mb":2,"status":200}
{"ts":"2026-09-17T22:05:54-03:00","ruta":"get_cliente.php","metodo":"GET","duracion_ms":982.3,"memoria_mb":2,"status":200}
{"ts":"2026-09-17T22:06:37-03:00","ruta":"guardar_modular_sin_control.php","metodo":"POST","duracion_ms":2035.9,"memoria_mb":4,"status":302}
{"ts":"2026-09-17T22:06:39-03:00","ruta":"ver_pedido.php","metodo":"GET","duracion_ms":1695.3,"memoria_mb":2,"status":200}
{"ts":"2026-09-17T22:06:51-03:00","ruta":"generar_paquete_modificacion_pedido.php","metodo":"GET","duracion_ms":2360.6,"memoria_mb":4,"status":302}
{"ts":"2026-09-17T22:07:14-03:00","ruta":"generar_paquete_modificacion_pedido.php","metodo":"GET","duracion_ms":2311.7,"memoria_mb":4,"status":302}
{"ts":"2026-09-17T22:07:41-03:00","ruta":"generar_pdf_pedido.php","metodo":"GET","duracion_ms":2307.7,"memoria_mb":2,"status":302}
{"ts":"2026-09-17T22:09:38-03:00","ruta":"pasar_produccion.php","metodo":"GET","duracion_ms":1946.8,"memoria_mb":2,"status":200}
{"ts":"2026-09-17T22:09:45-03:00","ruta":"ver_pedido.php","metodo":"GET","duracion_ms":2042.9,"memoria_mb":2,"status":200}
{"ts":"2026-09-17T22:09:51-03:00","ruta":"index.php","metodo":"GET","duracion_ms":2368.4,"memoria_mb":2,"status":302}
{"ts":"2026-09-17T22:09:55-03:00","ruta":"index.php","metodo":"GET","duracion_ms":3805.6,"memoria_mb":6,"status":200}
{"ts":"2026-09-17T23:37:36-03:00","ruta":"login.php","metodo":"GET","duracion_ms":1151,"memoria_mb":2,"status":200}
{"ts":"2026-09-19T21:29:15-03:00","ruta":"login.php","metodo":"GET","duracion_ms":562.9,"memoria_mb":2,"status":200}
{"ts":"2026-09-19T21:29:24-03:00","ruta":"login.php","metodo":"POST","duracion_ms":530.9,"memoria_mb":2,"status":302}
{"ts":"2026-09-19T21:29:29-03:00","ruta":"index.php","metodo":"GET","duracion_ms":4406.6,"memoria_mb":6,"status":200}
{"ts":"2026-09-19T21:36:14-03:00","ruta":"cliente_especificaciones_api.php","metodo":"GET","duracion_ms":1076.6,"memoria_mb":2,"status":200}
{"ts":"2026-09-19T21:36:15-03:00","ruta":"get_cliente.php","metodo":"GET","duracion_ms":1551.4,"memoria_mb":2,"status":200}
{"ts":"2026-09-19T21:36:28-03:00","ruta":"repuestos_integracion.php","metodo":"GET","duracion_ms":524.3,"memoria_mb":4,"status":200}
{"ts":"2026-09-19T21:36:41-03:00","ruta":"get_corriente_variador.php","metodo":"POST","duracion_ms":501.2,"memoria_mb":2,"status":200}
{"ts":"2026-09-19T21:36:43-03:00","ruta":"get_corriente_variador.php","metodo":"POST","duracion_ms":584.6,"memoria_mb":2,"status":200}
{"ts":"2026-09-19T21:36:49-03:00","ruta":"get_corriente_variador.php","metodo":"POST","duracion_ms":559.2,"memoria_mb":2,"status":200}
{"ts":"2026-09-19T21:36:50-03:00","ruta":"get_corriente_variador.php","metodo":"POST","duracion_ms":647,"memoria_mb":2,"status":200}
{"ts":"2026-09-19T21:36:51-03:00","ruta":"get_corriente_variador.php","metodo":"POST","duracion_ms":763.4,"memoria_mb":2,"status":200}
{"ts":"2026-09-19T21:36:52-03:00","ruta":"get_corriente_variador.php","metodo":"POST","duracion_ms":503.5,"memoria_mb":2,"status":200}
{"ts":"2026-09-19T21:36:53-03:00","ruta":"get_subtipos.php","metodo":"POST","duracion_ms":2035.8,"memoria_mb":2,"status":200}
{"ts":"2026-09-19T21:36:56-03:00","ruta":"get_corriente_variador.php","metodo":"POST","duracion_ms":900.9,"memoria_mb":2,"status":200}
{"ts":"2026-09-19T21:36:59-03:00","ruta":"calcular.php","metodo":"POST","duracion_ms":3061.1,"memoria_mb":4,"status":422}
{"ts":"2026-09-19T21:37:03-03:00","ruta":"calcular.php","metodo":"POST","duracion_ms":1681.7,"memoria_mb":4,"status":200}
{"ts":"2026-09-19T21:37:04-03:00","ruta":"get_corriente_variador.php","metodo":"POST","duracion_ms":625.4,"memoria_mb":2,"status":200}
{"ts":"2026-09-19T21:38:22-03:00","ruta":"calcular.php","metodo":"POST","duracion_ms":1986.4,"memoria_mb":4,"status":200}
{"ts":"2026-09-19T21:38:26-03:00","ruta":"calcular.php","metodo":"POST","duracion_ms":2227,"memoria_mb":4,"status":200}
{"ts":"2026-09-19T21:38:27-03:00","ruta":"get_corriente_variador.php","metodo":"POST","duracion_ms":1097.6,"memoria_mb":2,"status":200}
{"ts":"2026-09-19T21:38:30-03:00","ruta":"calcular.php","metodo":"POST","duracion_ms":2320.5,"memoria_mb":4,"status":200}
{"ts":"2026-09-19T21:38:31-03:00","ruta":"calcular_limites_accesorios.php","metodo":"POST","duracion_ms":923.5,"memoria_mb":2,"status":200}
{"ts":"2026-09-19T21:38:32-03:00","ruta":"get_corriente_variador.php","metodo":"POST","duracion_ms":1268.9,"memoria_mb":2,"status":200}
{"ts":"2026-09-19T21:39:00-03:00","ruta":"calcular.php","metodo":"POST","duracion_ms":2368.8,"memoria_mb":4,"status":200}
{"ts":"2026-09-19T21:39:01-03:00","ruta":"get_corriente_variador.php","metodo":"POST","duracion_ms":619.5,"memoria_mb":2,"status":200}
{"ts":"2026-09-19T21:39:21-03:00","ruta":"calcular.php","metodo":"POST","duracion_ms":1513.9,"memoria_mb":4,"status":200}
{"ts":"2026-09-19T21:39:22-03:00","ruta":"get_corriente_variador.php","metodo":"POST","duracion_ms":525.9,"memoria_mb":2,"status":200}
{"ts":"2026-09-19T21:40:37-03:00","ruta":"calcular.php","metodo":"POST","duracion_ms":3518.5,"memoria_mb":4,"status":200}
{"ts":"2026-09-19T21:40:38-03:00","ruta":"get_corriente_variador.php","metodo":"POST","duracion_ms":823.2,"memoria_mb":2,"status":200}
{"ts":"2026-09-19T21:41:35-03:00","ruta":"calcular.php","metodo":"POST","duracion_ms":2657.9,"memoria_mb":4,"status":422}
{"ts":"2026-09-19T21:41:39-03:00","ruta":"calcular.php","metodo":"POST","duracion_ms":3145.5,"memoria_mb":4,"status":200}
{"ts":"2026-09-19T21:41:40-03:00","ruta":"get_corriente_variador.php","metodo":"POST","duracion_ms":841.9,"memoria_mb":2,"status":200}
{"ts":"2026-09-19T21:42:23-03:00","ruta":"calcular.php","metodo":"POST","duracion_ms":2129.6,"memoria_mb":4,"status":200}
{"ts":"2026-09-19T21:42:24-03:00","ruta":"get_corriente_variador.php","metodo":"POST","duracion_ms":851.1,"memoria_mb":2,"status":200}
{"ts":"2026-09-19T21:42:26-03:00","ruta":"calcular.php","metodo":"POST","duracion_ms":2650.4,"memoria_mb":4,"status":200}
{"ts":"2026-09-19T21:42:27-03:00","ruta":"get_corriente_variador.php","metodo":"POST","duracion_ms":630.2,"memoria_mb":2,"status":200}
{"ts":"2026-09-19T21:42:50-03:00","ruta":"calcular.php","metodo":"POST","duracion_ms":2514.7,"memoria_mb":4,"status":200}
{"ts":"2026-09-19T21:42:54-03:00","ruta":"calcular.php","metodo":"POST","duracion_ms":2772.8,"memoria_mb":4,"status":200}
{"ts":"2026-09-19T21:42:55-03:00","ruta":"get_corriente_variador.php","metodo":"POST","duracion_ms":803,"memoria_mb":2,"status":200}
{"ts":"2026-09-19T21:42:55-03:00","ruta":"get_corriente_variador.php","metodo":"POST","duracion_ms":676.8,"memoria_mb":2,"status":200}
{"ts":"2026-09-19T21:42:58-03:00","ruta":"calcular.php","metodo":"POST","duracion_ms":2178.2,"memoria_mb":4,"status":200}
{"ts":"2026-09-19T21:42:59-03:00","ruta":"get_corriente_variador.php","metodo":"POST","duracion_ms":816.8,"memoria_mb":2,"status":200}
{"ts":"2026-09-19T21:43:11-03:00","ruta":"calcular.php","metodo":"POST","duracion_ms":2279.7,"memoria_mb":4,"status":200}
{"ts":"2026-09-19T21:43:12-03:00","ruta":"get_corriente_variador.php","metodo":"POST","duracion_ms":668.2,"memoria_mb":2,"status":200}
{"ts":"2026-09-19T21:43:17-03:00","ruta":"calcular.php","metodo":"POST","duracion_ms":2559.1,"memoria_mb":4,"status":200}
{"ts":"2026-09-19T21:43:28-03:00","ruta":"calcular.php","metodo":"POST","duracion_ms":2592,"memoria_mb":4,"status":200}
{"ts":"2026-09-19T21:43:29-03:00","ruta":"get_corriente_variador.php","metodo":"POST","duracion_ms":581.5,"memoria_mb":2,"status":200}
{"ts":"2026-09-19T21:44:11-03:00","ruta":"calcular.php","metodo":"POST","duracion_ms":2722.2,"memoria_mb":4,"status":200}
{"ts":"2026-09-19T21:44:12-03:00","ruta":"get_corriente_variador.php","metodo":"POST","duracion_ms":763.5,"memoria_mb":2,"status":200}
{"ts":"2026-09-19T21:44:15-03:00","ruta":"calcular.php","metodo":"POST","duracion_ms":2424.4,"memoria_mb":4,"status":200}
{"ts":"2026-09-19T21:44:16-03:00","ruta":"calcular_limites_accesorios.php","metodo":"POST","duracion_ms":511.6,"memoria_mb":2,"status":200}
{"ts":"2026-09-19T21:44:16-03:00","ruta":"get_corriente_variador.php","metodo":"POST","duracion_ms":523.1,"memoria_mb":2,"status":200}
{"ts":"2026-09-19T21:44:39-03:00","ruta":"calcular.php","metodo":"POST","duracion_ms":2083.4,"memoria_mb":4,"status":200}
{"ts":"2026-09-19T21:44:39-03:00","ruta":"get_corriente_variador.php","metodo":"POST","duracion_ms":528.6,"memoria_mb":2,"status":200}
{"ts":"2026-09-19T21:44:54-03:00","ruta":"calcular.php","metodo":"POST","duracion_ms":1620.5,"memoria_mb":4,"status":422}
{"ts":"2026-09-19T21:45:04-03:00","ruta":"calcular.php","metodo":"POST","duracion_ms":2389.5,"memoria_mb":4,"status":422}
{"ts":"2026-09-19T21:45:12-03:00","ruta":"calcular.php","metodo":"POST","duracion_ms":2473.7,"memoria_mb":4,"status":422}
{"ts":"2026-09-19T21:45:37-03:00","ruta":"calcular.php","metodo":"POST","duracion_ms":2186,"memoria_mb":4,"status":200}
{"ts":"2026-09-19T21:45:37-03:00","ruta":"get_corriente_variador.php","metodo":"POST","duracion_ms":591.8,"memoria_mb":2,"status":200}
{"ts":"2026-09-19T21:46:03-03:00","ruta":"calcular.php","metodo":"POST","duracion_ms":2377.5,"memoria_mb":4,"status":200}
{"ts":"2026-09-19T21:46:13-03:00","ruta":"calcular.php","metodo":"POST","duracion_ms":2260.6,"memoria_mb":4,"status":200}
{"ts":"2026-09-19T21:46:15-03:00","ruta":"calcular.php","metodo":"POST","duracion_ms":2088.6,"memoria_mb":4,"status":302}
{"ts":"2026-09-19T21:46:16-03:00","ruta":"get_corriente_variador.php","metodo":"POST","duracion_ms":584.4,"memoria_mb":2,"status":200}
{"ts":"2026-09-19T21:46:18-03:00","ruta":"ver_cotizacion.php","metodo":"GET","duracion_ms":2175,"memoria_mb":2,"status":200}
{"ts":"2026-09-19T21:46:28-03:00","ruta":"generar_pdf_cotizacion.php","metodo":"GET","duracion_ms":2737.8,"memoria_mb":2,"status":302}
{"ts":"2026-09-19T21:47:04-03:00","ruta":"index.php","metodo":"GET","duracion_ms":2454,"memoria_mb":2,"status":302}
{"ts":"2026-09-19T21:47:09-03:00","ruta":"index.php","metodo":"GET","duracion_ms":5105.7,"memoria_mb":6,"status":200}
{"ts":"2026-09-19T21:47:38-03:00","ruta":"get_corriente_variador.php","metodo":"POST","duracion_ms":783.9,"memoria_mb":2,"status":200}
{"ts":"2026-09-19T21:47:39-03:00","ruta":"get_corriente_variador.php","metodo":"POST","duracion_ms":753.1,"memoria_mb":2,"status":200}
{"ts":"2026-09-19T21:47:40-03:00","ruta":"get_corriente_variador.php","metodo":"POST","duracion_ms":506.1,"memoria_mb":2,"status":200}
{"ts":"2026-09-19T21:47:58-03:00","ruta":"get_corriente_variador.php","metodo":"POST","duracion_ms":599,"memoria_mb":2,"status":200}
{"ts":"2026-09-19T21:47:59-03:00","ruta":"get_corriente_variador.php","metodo":"POST","duracion_ms":744.9,"memoria_mb":2,"status":200}
{"ts":"2026-09-19T21:48:00-03:00","ruta":"get_subtipos.php","metodo":"POST","duracion_ms":1368.7,"memoria_mb":2,"status":200}
{"ts":"2026-09-19T21:48:00-03:00","ruta":"get_corriente_variador.php","metodo":"POST","duracion_ms":588.5,"memoria_mb":2,"status":200}
{"ts":"2026-09-19T21:48:02-03:00","ruta":"get_corriente_variador.php","metodo":"POST","duracion_ms":637.3,"memoria_mb":2,"status":200}
{"ts":"2026-09-19T21:48:03-03:00","ruta":"get_corriente_variador.php","metodo":"POST","duracion_ms":582.7,"memoria_mb":2,"status":200}
{"ts":"2026-09-19T21:48:06-03:00","ruta":"calcular.php","metodo":"POST","duracion_ms":2347.4,"memoria_mb":4,"status":422}
{"ts":"2026-09-19T21:48:08-03:00","ruta":"calcular.php","metodo":"POST","duracion_ms":1626.7,"memoria_mb":4,"status":422}
{"ts":"2026-09-19T21:48:23-03:00","ruta":"calcular.php","metodo":"POST","duracion_ms":1969.5,"memoria_mb":4,"status":422}
{"ts":"2026-09-19T21:48:29-03:00","ruta":"calcular.php","metodo":"POST","duracion_ms":1716.8,"memoria_mb":4,"status":422}
{"ts":"2026-09-19T21:48:40-03:00","ruta":"get_corriente_variador.php","metodo":"POST","duracion_ms":601.4,"memoria_mb":2,"status":200}
{"ts":"2026-09-19T21:48:40-03:00","ruta":"get_subtipos.php","metodo":"POST","duracion_ms":1222,"memoria_mb":2,"status":200}
{"ts":"2026-09-19T21:48:43-03:00","ruta":"calcular.php","metodo":"POST","duracion_ms":2498.2,"memoria_mb":4,"status":200}
{"ts":"2026-09-19T21:48:45-03:00","ruta":"calcular.php","metodo":"POST","duracion_ms":1778.1,"memoria_mb":4,"status":200}
{"ts":"2026-09-19T21:48:46-03:00","ruta":"get_corriente_variador.php","metodo":"POST","duracion_ms":984.6,"memoria_mb":2,"status":200}
{"ts":"2026-09-19T21:49:08-03:00","ruta":"calcular.php","metodo":"POST","duracion_ms":2100.2,"memoria_mb":4,"status":422}
{"ts":"2026-09-19T21:49:11-03:00","ruta":"calcular.php","metodo":"POST","duracion_ms":1457.7,"memoria_mb":4,"status":200}
{"ts":"2026-09-19T21:49:11-03:00","ruta":"get_corriente_variador.php","metodo":"POST","duracion_ms":518.1,"memoria_mb":2,"status":200}
{"ts":"2026-09-19T21:49:21-03:00","ruta":"calcular.php","metodo":"POST","duracion_ms":2466.5,"memoria_mb":4,"status":422}
{"ts":"2026-09-19T21:49:22-03:00","ruta":"calcular.php","metodo":"POST","duracion_ms":1569.4,"memoria_mb":4,"status":422}
{"ts":"2026-09-19T21:49:24-03:00","ruta":"calcular.php","metodo":"POST","duracion_ms":1756.8,"memoria_mb":4,"status":422}
{"ts":"2026-09-19T21:49:28-03:00","ruta":"calcular.php","metodo":"POST","duracion_ms":1964.6,"memoria_mb":4,"status":200}
{"ts":"2026-09-19T21:49:30-03:00","ruta":"calcular.php","metodo":"POST","duracion_ms":2241.2,"memoria_mb":4,"status":200}
{"ts":"2026-09-19T21:49:32-03:00","ruta":"calcular.php","metodo":"POST","duracion_ms":2154.6,"memoria_mb":4,"status":422}
{"ts":"2026-09-19T21:49:34-03:00","ruta":"calcular.php","metodo":"POST","duracion_ms":1949,"memoria_mb":4,"status":422}
{"ts":"2026-09-19T21:49:37-03:00","ruta":"calcular.php","metodo":"POST","duracion_ms":2912.5,"memoria_mb":4,"status":422}
{"ts":"2026-09-19T21:49:40-03:00","ruta":"calcular.php","metodo":"POST","duracion_ms":2512.6,"memoria_mb":4,"status":422}
{"ts":"2026-09-19T21:50:03-03:00","ruta":"cliente_especificaciones_api.php","metodo":"GET","duracion_ms":1236.5,"memoria_mb":2,"status":200}
{"ts":"2026-09-19T21:50:03-03:00","ruta":"get_cliente.php","metodo":"GET","duracion_ms":1408.8,"memoria_mb":2,"status":200}
{"ts":"2026-09-19T21:50:05-03:00","ruta":"calcular.php","metodo":"POST","duracion_ms":1961,"memoria_mb":4,"status":422}
{"ts":"2026-09-19T21:50:09-03:00","ruta":"calcular.php","metodo":"POST","duracion_ms":2555.2,"memoria_mb":4,"status":422}
{"ts":"2026-09-19T21:50:11-03:00","ruta":"calcular.php","metodo":"POST","duracion_ms":1836.5,"memoria_mb":4,"status":422}
{"ts":"2026-09-19T21:50:17-03:00","ruta":"index.php","metodo":"GET","duracion_ms":3505.4,"memoria_mb":6,"status":200}
{"ts":"2026-09-19T21:50:18-03:00","ruta":"get_subtipos.php","metodo":"POST","duracion_ms":801.7,"memoria_mb":2,"status":200}
{"ts":"2026-09-19T21:50:20-03:00","ruta":"cliente_especificaciones_api.php","metodo":"GET","duracion_ms":1564.9,"memoria_mb":2,"status":200}
{"ts":"2026-09-19T21:50:20-03:00","ruta":"get_cliente.php","metodo":"GET","duracion_ms":2820.4,"memoria_mb":2,"status":200}
{"ts":"2026-09-19T21:50:21-03:00","ruta":"cliente_especificaciones_api.php","metodo":"GET","duracion_ms":525.9,"memoria_mb":2,"status":200}
{"ts":"2026-09-19T21:50:24-03:00","ruta":"calcular.php","metodo":"POST","duracion_ms":2221.5,"memoria_mb":4,"status":422}
{"ts":"2026-09-19T21:50:24-03:00","ruta":"get_cliente.php","metodo":"GET","duracion_ms":3814.1,"memoria_mb":2,"status":200}
{"ts":"2026-09-19T21:50:31-03:00","ruta":"calcular.php","metodo":"POST","duracion_ms":2298.3,"memoria_mb":4,"status":200}
{"ts":"2026-09-19T21:50:35-03:00","ruta":"calcular.php","metodo":"POST","duracion_ms":3481,"memoria_mb":4,"status":200}
{"ts":"2026-09-19T21:50:37-03:00","ruta":"calcular.php","metodo":"POST","duracion_ms":2553.4,"memoria_mb":4,"status":200}
{"ts":"2026-09-19T21:50:40-03:00","ruta":"calcular.php","metodo":"POST","duracion_ms":2244.3,"memoria_mb":4,"status":200}
{"ts":"2026-09-19T21:54:45-03:00","ruta":"calcular.php","metodo":"POST","duracion_ms":1902.8,"memoria_mb":4,"status":422}
{"ts":"2026-09-19T21:54:48-03:00","ruta":"calcular.php","metodo":"POST","duracion_ms":2716.4,"memoria_mb":4,"status":200}
{"ts":"2026-09-19T21:54:49-03:00","ruta":"get_corriente_variador.php","metodo":"POST","duracion_ms":719.3,"memoria_mb":2,"status":200}
{"ts":"2026-09-19T21:56:48-03:00","ruta":"calcular.php","metodo":"POST","duracion_ms":1955,"memoria_mb":4,"status":200}
{"ts":"2026-09-19T21:56:49-03:00","ruta":"get_corriente_variador.php","metodo":"POST","duracion_ms":697.3,"memoria_mb":2,"status":200}
{"ts":"2026-09-19T22:01:19-03:00","ruta":"calcular.php","metodo":"POST","duracion_ms":1791.7,"memoria_mb":2,"status":200}
{"ts":"2026-09-19T22:01:20-03:00","ruta":"get_corriente_variador.php","metodo":"POST","duracion_ms":506.4,"memoria_mb":2,"status":200}
{"ts":"2026-09-19T22:01:23-03:00","ruta":"calcular.php","metodo":"POST","duracion_ms":1988.9,"memoria_mb":2,"status":200}
{"ts":"2026-09-19T22:01:24-03:00","ruta":"get_corriente_variador.php","metodo":"POST","duracion_ms":511.6,"memoria_mb":2,"status":200}
{"ts":"2026-09-19T22:01:26-03:00","ruta":"calcular.php","metodo":"POST","duracion_ms":1776.7,"memoria_mb":2,"status":200}
{"ts":"2026-09-19T22:07:04-03:00","ruta":"get_corriente_variador.php","metodo":"POST","duracion_ms":655.4,"memoria_mb":2,"status":200}
{"ts":"2026-09-19T22:07:05-03:00","ruta":"get_corriente_variador.php","metodo":"POST","duracion_ms":507.8,"memoria_mb":2,"status":200}
{"ts":"2026-09-19T22:07:05-03:00","ruta":"get_subtipos.php","metodo":"POST","duracion_ms":1511.6,"memoria_mb":2,"status":200}
{"ts":"2026-09-19T22:07:07-03:00","ruta":"calcular.php","metodo":"POST","duracion_ms":1961.2,"memoria_mb":2,"status":422}
{"ts":"2026-09-19T22:07:09-03:00","ruta":"calcular.php","metodo":"POST","duracion_ms":2002.3,"memoria_mb":4,"status":422}
{"ts":"2026-09-19T22:07:11-03:00","ruta":"get_corriente_variador.php","metodo":"POST","duracion_ms":923.4,"memoria_mb":2,"status":200}
{"ts":"2026-09-19T22:07:12-03:00","ruta":"get_subtipos.php","metodo":"POST","duracion_ms":5641.3,"memoria_mb":2,"status":200}
{"ts":"2026-09-19T22:07:14-03:00","ruta":"calcular.php","metodo":"POST","duracion_ms":1911.5,"memoria_mb":4,"status":200}
{"ts":"2026-09-19T22:07:15-03:00","ruta":"calcular.php","metodo":"POST","duracion_ms":1842.8,"memoria_mb":4,"status":200}
{"ts":"2026-09-19T22:10:35-03:00","ruta":"calcular.php","metodo":"POST","duracion_ms":2418.5,"memoria_mb":4,"status":200}
{"ts":"2026-09-19T22:10:36-03:00","ruta":"get_corriente_variador.php","metodo":"POST","duracion_ms":1116.5,"memoria_mb":2,"status":200}
{"ts":"2026-09-19T22:11:55-03:00","ruta":"calcular.php","metodo":"POST","duracion_ms":1752.6,"memoria_mb":4,"status":200}
{"ts":"2026-09-19T22:11:56-03:00","ruta":"get_corriente_variador.php","metodo":"POST","duracion_ms":532.4,"memoria_mb":2,"status":200}
{"ts":"2026-09-19T22:12:00-03:00","ruta":"calcular.php","metodo":"POST","duracion_ms":2245.9,"memoria_mb":4,"status":200}
{"ts":"2026-09-19T22:12:04-03:00","ruta":"calcular.php","metodo":"POST","duracion_ms":2886.3,"memoria_mb":4,"status":200}
{"ts":"2026-09-19T22:12:19-03:00","ruta":"calcular.php","metodo":"POST","duracion_ms":1994.4,"memoria_mb":4,"status":200}
{"ts":"2026-09-19T22:12:20-03:00","ruta":"get_corriente_variador.php","metodo":"POST","duracion_ms":702,"memoria_mb":2,"status":200}
{"ts":"2026-09-19T22:13:59-03:00","ruta":"calcular.php","metodo":"POST","duracion_ms":2193.1,"memoria_mb":4,"status":200}
{"ts":"2026-09-19T22:14:00-03:00","ruta":"get_corriente_variador.php","metodo":"POST","duracion_ms":575.9,"memoria_mb":2,"status":200}
{"ts":"2026-09-19T22:14:03-03:00","ruta":"calcular.php","metodo":"POST","duracion_ms":2341.3,"memoria_mb":4,"status":200}
{"ts":"2026-09-19T22:14:03-03:00","ruta":"get_corriente_variador.php","metodo":"POST","duracion_ms":561.5,"memoria_mb":2,"status":200}
{"ts":"2026-09-19T22:14:36-03:00","ruta":"get_corriente_variador.php","metodo":"POST","duracion_ms":597.9,"memoria_mb":2,"status":200}
{"ts":"2026-09-19T22:14:37-03:00","ruta":"get_subtipos.php","metodo":"POST","duracion_ms":1340.6,"memoria_mb":2,"status":200}
{"ts":"2026-09-19T22:14:40-03:00","ruta":"calcular.php","metodo":"POST","duracion_ms":2391.3,"memoria_mb":4,"status":422}
{"ts":"2026-09-19T22:14:42-03:00","ruta":"calcular.php","metodo":"POST","duracion_ms":1962.8,"memoria_mb":4,"status":422}
{"ts":"2026-09-19T22:14:43-03:00","ruta":"get_corriente_variador.php","metodo":"POST","duracion_ms":659.5,"memoria_mb":2,"status":200}
{"ts":"2026-09-19T22:14:44-03:00","ruta":"get_corriente_variador.php","metodo":"POST","duracion_ms":504.9,"memoria_mb":2,"status":200}
{"ts":"2026-09-19T22:14:44-03:00","ruta":"get_subtipos.php","metodo":"POST","duracion_ms":1644.9,"memoria_mb":2,"status":200}
{"ts":"2026-09-19T22:14:47-03:00","ruta":"get_corriente_variador.php","metodo":"POST","duracion_ms":581.3,"memoria_mb":2,"status":200}
{"ts":"2026-09-19T22:14:47-03:00","ruta":"get_corriente_variador.php","metodo":"POST","duracion_ms":582.9,"memoria_mb":2,"status":200}
{"ts":"2026-09-19T22:14:50-03:00","ruta":"calcular.php","metodo":"POST","duracion_ms":1874.4,"memoria_mb":4,"status":422}
{"ts":"2026-09-19T22:14:55-03:00","ruta":"calcular.php","metodo":"POST","duracion_ms":2305,"memoria_mb":4,"status":422}
{"ts":"2026-09-19T22:14:59-03:00","ruta":"calcular.php","metodo":"POST","duracion_ms":2558,"memoria_mb":4,"status":422}
{"ts":"2026-09-19T22:15:12-03:00","ruta":"index.php","metodo":"GET","duracion_ms":4236,"memoria_mb":6,"status":200}
{"ts":"2026-09-19T22:15:15-03:00","ruta":"calcular.php","metodo":"POST","duracion_ms":3635.2,"memoria_mb":4,"status":200}
{"ts":"2026-09-19T22:15:17-03:00","ruta":"calcular.php","metodo":"POST","duracion_ms":1874.6,"memoria_mb":4,"status":200}
{"ts":"2026-09-19T22:15:18-03:00","ruta":"get_subtipos.php","metodo":"POST","duracion_ms":5700.1,"memoria_mb":2,"status":200}
{"ts":"2026-09-19T22:15:19-03:00","ruta":"cliente_especificaciones_api.php","metodo":"GET","duracion_ms":773.6,"memoria_mb":2,"status":200}
{"ts":"2026-09-19T22:15:19-03:00","ruta":"get_cliente.php","metodo":"GET","duracion_ms":7176.7,"memoria_mb":2,"status":200}
{"ts":"2026-09-19T22:15:20-03:00","ruta":"cliente_especificaciones_api.php","metodo":"GET","duracion_ms":932.5,"memoria_mb":2,"status":200}
{"ts":"2026-09-19T22:15:21-03:00","ruta":"get_cliente.php","metodo":"GET","duracion_ms":1398.3,"memoria_mb":2,"status":200}
{"ts":"2026-09-19T22:15:31-03:00","ruta":"calcular.php","metodo":"POST","duracion_ms":3607.8,"memoria_mb":4,"status":422}
{"ts":"2026-09-19T22:15:33-03:00","ruta":"calcular.php","metodo":"POST","duracion_ms":1911.8,"memoria_mb":4,"status":422}
{"ts":"2026-09-19T22:15:35-03:00","ruta":"calcular.php","metodo":"POST","duracion_ms":1659,"memoria_mb":4,"status":422}
{"ts":"2026-09-19T22:15:37-03:00","ruta":"calcular.php","metodo":"POST","duracion_ms":2022.4,"memoria_mb":4,"status":422}
{"ts":"2026-09-19T22:15:39-03:00","ruta":"calcular.php","metodo":"POST","duracion_ms":2755.5,"memoria_mb":4,"status":422}
{"ts":"2026-09-19T22:15:42-03:00","ruta":"calcular.php","metodo":"POST","duracion_ms":2639.3,"memoria_mb":4,"status":422}
{"ts":"2026-09-19T22:15:44-03:00","ruta":"calcular.php","metodo":"POST","duracion_ms":1906.7,"memoria_mb":4,"status":422}
{"ts":"2026-09-19T22:15:46-03:00","ruta":"calcular.php","metodo":"POST","duracion_ms":1534.1,"memoria_mb":4,"status":422}
{"ts":"2026-09-19T22:15:48-03:00","ruta":"calcular.php","metodo":"POST","duracion_ms":2136.5,"memoria_mb":4,"status":422}
{"ts":"2026-09-19T22:15:50-03:00","ruta":"calcular.php","metodo":"POST","duracion_ms":1775.9,"memoria_mb":4,"status":422}
{"ts":"2026-09-19T22:15:51-03:00","ruta":"calcular.php","metodo":"POST","duracion_ms":1614.2,"memoria_mb":4,"status":422}
{"ts":"2026-09-19T22:15:53-03:00","ruta":"calcular.php","metodo":"POST","duracion_ms":1628.4,"memoria_mb":4,"status":422}
{"ts":"2026-09-19T22:15:55-03:00","ruta":"calcular.php","metodo":"POST","duracion_ms":1710,"memoria_mb":4,"status":422}
{"ts":"2026-09-19T22:15:56-03:00","ruta":"calcular.php","metodo":"POST","duracion_ms":1476.8,"memoria_mb":4,"status":422}
{"ts":"2026-09-19T22:15:58-03:00","ruta":"calcular.php","metodo":"POST","duracion_ms":2302.4,"memoria_mb":4,"status":422}
{"ts":"2026-09-19T22:16:00-03:00","ruta":"calcular.php","metodo":"POST","duracion_ms":2109.8,"memoria_mb":4,"status":200}
{"ts":"2026-09-19T22:16:02-03:00","ruta":"calcular.php","metodo":"POST","duracion_ms":1862.7,"memoria_mb":4,"status":200}
{"ts":"2026-09-19T22:16:06-03:00","ruta":"calcular.php","metodo":"POST","duracion_ms":3337.5,"memoria_mb":4,"status":200}
{"ts":"2026-09-19T22:16:07-03:00","ruta":"get_corriente_variador.php","metodo":"POST","duracion_ms":760.2,"memoria_mb":2,"status":200}
{"ts":"2026-09-19T22:17:55-03:00","ruta":"calcular.php","metodo":"POST","duracion_ms":2289.5,"memoria_mb":4,"status":200}
{"ts":"2026-09-19T22:18:24-03:00","ruta":"calcular.php","metodo":"POST","duracion_ms":2399.3,"memoria_mb":4,"status":200}
{"ts":"2026-09-19T22:18:29-03:00","ruta":"calcular.php","metodo":"POST","duracion_ms":2176.2,"memoria_mb":4,"status":200}
{"ts":"2026-09-19T22:24:36-03:00","ruta":"calcular.php","metodo":"POST","duracion_ms":1664.5,"memoria_mb":4,"status":422}
{"ts":"2026-09-19T22:24:55-03:00","ruta":"calcular.php","metodo":"POST","duracion_ms":2391,"memoria_mb":4,"status":200}
{"ts":"2026-09-19T22:24:56-03:00","ruta":"get_corriente_variador.php","metodo":"POST","duracion_ms":605.4,"memoria_mb":2,"status":200}
{"ts":"2026-09-19T22:25:50-03:00","ruta":"calcular.php","metodo":"POST","duracion_ms":1916,"memoria_mb":4,"status":200}
{"ts":"2026-09-19T22:25:53-03:00","ruta":"calcular.php","metodo":"POST","duracion_ms":2155.4,"memoria_mb":4,"status":302}
{"ts":"2026-09-19T22:25:55-03:00","ruta":"ver_cotizacion.php","metodo":"GET","duracion_ms":1986.5,"memoria_mb":2,"status":200}
{"ts":"2026-09-19T22:26:04-03:00","ruta":"generar_pdf_cotizacion.php","metodo":"GET","duracion_ms":2325.3,"memoria_mb":2,"status":302}
{"ts":"2026-09-19T22:29:39-03:00","ruta":"index.php","metodo":"GET","duracion_ms":2472.3,"memoria_mb":2,"status":302}
{"ts":"2026-09-19T22:29:42-03:00","ruta":"index.php","metodo":"GET","duracion_ms":3804.1,"memoria_mb":6,"status":200}
{"ts":"2026-09-19T23:29:12-03:00","ruta":"index.php","metodo":"GET","duracion_ms":3805.3,"memoria_mb":2,"status":200}
{"ts":"2026-09-19T23:29:50-03:00","ruta":"cliente_especificaciones_api.php","metodo":"GET","duracion_ms":724.4,"memoria_mb":2,"status":200}
{"ts":"2026-09-19T23:30:01-03:00","ruta":"get_corriente_variador.php","metodo":"POST","duracion_ms":688.8,"memoria_mb":2,"status":200}
{"ts":"2026-09-19T23:30:03-03:00","ruta":"get_corriente_variador.php","metodo":"POST","duracion_ms":563.7,"memoria_mb":2,"status":200}
{"ts":"2026-09-19T23:30:03-03:00","ruta":"get_corriente_variador.php","metodo":"POST","duracion_ms":502.2,"memoria_mb":2,"status":200}
{"ts":"2026-09-19T23:30:18-03:00","ruta":"get_corriente_variador.php","metodo":"POST","duracion_ms":588.7,"memoria_mb":2,"status":200}
{"ts":"2026-09-19T23:30:19-03:00","ruta":"get_subtipos.php","metodo":"POST","duracion_ms":1343.2,"memoria_mb":2,"status":200}
{"ts":"2026-09-19T23:30:19-03:00","ruta":"get_corriente_variador.php","metodo":"POST","duracion_ms":582,"memoria_mb":2,"status":200}
{"ts":"2026-09-19T23:30:21-03:00","ruta":"get_corriente_variador.php","metodo":"POST","duracion_ms":519.2,"memoria_mb":2,"status":200}
{"ts":"2026-09-19T23:30:22-03:00","ruta":"get_corriente_variador.php","metodo":"POST","duracion_ms":686.8,"memoria_mb":2,"status":200}
{"ts":"2026-09-19T23:30:26-03:00","ruta":"calcular.php","metodo":"POST","duracion_ms":2653.5,"memoria_mb":4,"status":422}
{"ts":"2026-09-19T23:30:29-03:00","ruta":"calcular.php","metodo":"POST","duracion_ms":1502.2,"memoria_mb":4,"status":200}
{"ts":"2026-09-19T23:30:39-03:00","ruta":"calcular.php","metodo":"POST","duracion_ms":2181.9,"memoria_mb":4,"status":422}
{"ts":"2026-09-19T23:30:40-03:00","ruta":"calcular.php","metodo":"POST","duracion_ms":1398.6,"memoria_mb":4,"status":422}
{"ts":"2026-09-19T23:30:51-03:00","ruta":"calcular.php","metodo":"POST","duracion_ms":2065.4,"memoria_mb":4,"status":422}
{"ts":"2026-09-19T23:30:52-03:00","ruta":"calcular.php","metodo":"POST","duracion_ms":1426.4,"memoria_mb":4,"status":422}
{"ts":"2026-09-19T23:31:31-03:00","ruta":"calcular.php","metodo":"POST","duracion_ms":2073.5,"memoria_mb":4,"status":422}
{"ts":"2026-09-21T18:51:19-03:00","ruta":"index.php","metodo":"GET","duracion_ms":721.4,"memoria_mb":2,"status":302}
{"ts":"2026-09-21T18:51:28-03:00","ruta":"login.php","metodo":"POST","duracion_ms":1032.3,"memoria_mb":2,"status":302}
{"ts":"2026-09-21T18:51:38-03:00","ruta":"index.php","metodo":"GET","duracion_ms":9354.6,"memoria_mb":6,"status":200}
{"ts":"2026-09-21T18:51:42-03:00","ruta":"repuestos_integracion.php","metodo":"GET","duracion_ms":821.9,"memoria_mb":2,"status":200}
{"ts":"2026-09-21T19:31:13-03:00","ruta":"index.php","metodo":"GET","duracion_ms":4022,"memoria_mb":2,"status":200}
{"ts":"2026-09-21T19:31:29-03:00","ruta":"index.php","metodo":"GET","duracion_ms":3898.6,"memoria_mb":2,"status":200}
{"ts":"2026-09-21T19:32:15-03:00","ruta":"index.php","metodo":"GET","duracion_ms":27405.8,"memoria_mb":2,"status":200}
{"ts":"2026-09-21T19:32:37-03:00","ruta":"index.php","metodo":"GET","duracion_ms":21755.6,"memoria_mb":2,"status":200}
{"ts":"2026-09-21T19:32:42-03:00","ruta":"index.php","metodo":"GET","duracion_ms":5071.3,"memoria_mb":2,"status":200}
{"ts":"2026-09-21T19:32:45-03:00","ruta":"cotizador","metodo":"GET","duracion_ms":3621.3,"memoria_mb":2,"status":200}
{"ts":"2026-09-21T19:32:50-03:00","ruta":"index.php","metodo":"GET","duracion_ms":4966.6,"memoria_mb":6,"status":200}
{"ts":"2026-09-21T19:34:43-03:00","ruta":"index.php","metodo":"GET","duracion_ms":3808.3,"memoria_mb":4,"status":200}
{"ts":"2026-09-21T19:42:36-03:00","ruta":"index.php","metodo":"GET","duracion_ms":4381.6,"memoria_mb":4,"status":200}
{"ts":"2026-09-21T20:10:05-03:00","ruta":"index.php","metodo":"GET","duracion_ms":5030.6,"memoria_mb":2,"status":200}
{"ts":"2026-09-21T20:10:34-03:00","ruta":"cliente_especificaciones_api.php","metodo":"GET","duracion_ms":1049.3,"memoria_mb":2,"status":200}
{"ts":"2026-09-21T20:11:05-03:00","ruta":"index.php","metodo":"GET","duracion_ms":4116,"memoria_mb":6,"status":200}
{"ts":"2026-09-21T20:11:07-03:00","ruta":"get_subtipos.php","metodo":"POST","duracion_ms":880.5,"memoria_mb":2,"status":200}
{"ts":"2026-09-21T20:11:07-03:00","ruta":"get_cliente.php","metodo":"GET","duracion_ms":1734.8,"memoria_mb":2,"status":200}
{"ts":"2026-09-21T20:11:08-03:00","ruta":"cliente_especificaciones_api.php","metodo":"GET","duracion_ms":958,"memoria_mb":2,"status":200}
{"ts":"2026-09-21T20:11:09-03:00","ruta":"get_cliente.php","metodo":"GET","duracion_ms":1767.2,"memoria_mb":2,"status":200}
{"ts":"2026-09-21T20:11:10-03:00","ruta":"cliente_especificaciones_api.php","metodo":"GET","duracion_ms":518.4,"memoria_mb":2,"status":200}
{"ts":"2026-09-21T20:11:19-03:00","ruta":"calcular.php","metodo":"POST","duracion_ms":2616.2,"memoria_mb":4,"status":200}
{"ts":"2026-09-21T20:11:21-03:00","ruta":"calcular.php","metodo":"POST","duracion_ms":2267,"memoria_mb":4,"status":200}
{"ts":"2026-09-21T20:11:23-03:00","ruta":"calcular.php","metodo":"POST","duracion_ms":1736,"memoria_mb":2,"status":200}
{"ts":"2026-09-21T20:11:25-03:00","ruta":"calcular.php","metodo":"POST","duracion_ms":2062.6,"memoria_mb":4,"status":200}
{"ts":"2026-09-21T20:11:27-03:00","ruta":"calcular.php","metodo":"POST","duracion_ms":1987.5,"memoria_mb":4,"status":200}
{"ts":"2026-09-21T20:11:29-03:00","ruta":"calcular.php","metodo":"POST","duracion_ms":2354.8,"memoria_mb":4,"status":200}
{"ts":"2026-09-21T20:11:32-03:00","ruta":"calcular.php","metodo":"POST","duracion_ms":2193.6,"memoria_mb":4,"status":200}
{"ts":"2026-09-21T20:11:34-03:00","ruta":"calcular.php","metodo":"POST","duracion_ms":2774.5,"memoria_mb":4,"status":200}
{"ts":"2026-09-21T20:11:36-03:00","ruta":"calcular.php","metodo":"POST","duracion_ms":1633.8,"memoria_mb":4,"status":200}
{"ts":"2026-09-21T20:11:38-03:00","ruta":"calcular.php","metodo":"POST","duracion_ms":1649,"memoria_mb":4,"status":200}
{"ts":"2026-09-21T20:12:03-03:00","ruta":"calcular.php","metodo":"POST","duracion_ms":1871.2,"memoria_mb":4,"status":200}
{"ts":"2026-09-21T20:16:27-03:00","ruta":"index.php","metodo":"GET","duracion_ms":2871.2,"memoria_mb":2,"status":302}
{"ts":"2026-09-21T20:16:31-03:00","ruta":"index.php","metodo":"GET","duracion_ms":4111.1,"memoria_mb":6,"status":200}
{"ts":"2026-09-21T20:16:40-03:00","ruta":"index.php","metodo":"GET","duracion_ms":2438.7,"memoria_mb":2,"status":302}
{"ts":"2026-09-21T20:16:44-03:00","ruta":"index.php","metodo":"GET","duracion_ms":4238.2,"memoria_mb":6,"status":200}
{"ts":"2026-09-21T20:17:00-03:00","ruta":"index.php","metodo":"GET","duracion_ms":4028.3,"memoria_mb":6,"status":200}
{"ts":"2026-09-21T20:17:02-03:00","ruta":"get_subtipos.php","metodo":"POST","duracion_ms":2082.5,"memoria_mb":2,"status":200}
{"ts":"2026-09-21T20:53:37-03:00","ruta":"index.php","metodo":"GET","duracion_ms":5471.7,"memoria_mb":2,"status":200}
{"ts":"2026-09-21T20:53:39-03:00","ruta":"get_subtipos.php","metodo":"POST","duracion_ms":1092.1,"memoria_mb":2,"status":200}
{"ts":"2026-09-21T20:53:40-03:00","ruta":"get_corriente_variador.php","metodo":"POST","duracion_ms":979.6,"memoria_mb":2,"status":200}
{"ts":"2026-09-21T20:54:26-03:00","ruta":"cliente_especificaciones_api.php","metodo":"GET","duracion_ms":615.8,"memoria_mb":2,"status":200}
{"ts":"2026-09-21T20:54:26-03:00","ruta":"get_cliente.php","metodo":"GET","duracion_ms":1111.1,"memoria_mb":2,"status":200}
{"ts":"2026-09-21T20:54:46-03:00","ruta":"index.php","metodo":"GET","duracion_ms":4704.2,"memoria_mb":6,"status":200}
{"ts":"2026-09-21T20:54:47-03:00","ruta":"get_subtipos.php","metodo":"POST","duracion_ms":936.8,"memoria_mb":2,"status":200}
{"ts":"2026-09-21T20:54:49-03:00","ruta":"cliente_especificaciones_api.php","metodo":"GET","duracion_ms":1494.5,"memoria_mb":2,"status":200}
{"ts":"2026-09-21T20:54:50-03:00","ruta":"get_cliente.php","metodo":"GET","duracion_ms":3520.2,"memoria_mb":2,"status":200}
{"ts":"2026-09-21T20:54:50-03:00","ruta":"get_corriente_variador.php","metodo":"POST","duracion_ms":580.4,"memoria_mb":2,"status":200}
{"ts":"2026-09-21T20:54:51-03:00","ruta":"cliente_especificaciones_api.php","metodo":"GET","duracion_ms":980.7,"memoria_mb":2,"status":200}
{"ts":"2026-09-21T20:54:52-03:00","ruta":"get_cliente.php","metodo":"GET","duracion_ms":2291.3,"memoria_mb":2,"status":200}
{"ts":"2026-09-21T20:54:56-03:00","ruta":"calcular.php","metodo":"POST","duracion_ms":2882.8,"memoria_mb":4,"status":200}
{"ts":"2026-09-21T20:54:58-03:00","ruta":"calcular.php","metodo":"POST","duracion_ms":2231.7,"memoria_mb":4,"status":200}
{"ts":"2026-09-21T20:55:02-03:00","ruta":"calcular.php","metodo":"POST","duracion_ms":2526.1,"memoria_mb":4,"status":200}
{"ts":"2026-09-21T20:55:05-03:00","ruta":"calcular.php","metodo":"POST","duracion_ms":2905.6,"memoria_mb":4,"status":200}
{"ts":"2026-09-21T20:55:07-03:00","ruta":"calcular.php","metodo":"POST","duracion_ms":1804.2,"memoria_mb":4,"status":200}
{"ts":"2026-09-21T20:55:24-03:00","ruta":"calcular.php","metodo":"POST","duracion_ms":1898.2,"memoria_mb":4,"status":200}
{"ts":"2026-09-21T20:55:25-03:00","ruta":"calcular.php","metodo":"POST","duracion_ms":1526.6,"memoria_mb":4,"status":200}
{"ts":"2026-09-21T20:55:39-03:00","ruta":"precio_pulsador_exterior.php","metodo":"POST","duracion_ms":1010.4,"memoria_mb":2,"status":200}
{"ts":"2026-09-21T20:55:45-03:00","ruta":"precio_pulsador_exterior.php","metodo":"POST","duracion_ms":609.3,"memoria_mb":2,"status":200}
{"ts":"2026-09-21T20:55:45-03:00","ruta":"precio_pulsador_exterior.php","metodo":"POST","duracion_ms":503.5,"memoria_mb":2,"status":200}
{"ts":"2026-09-21T20:55:49-03:00","ruta":"precio_pulsador_exterior.php","metodo":"POST","duracion_ms":624.6,"memoria_mb":2,"status":200}
{"ts":"2026-09-21T20:55:58-03:00","ruta":"calcular_senalizacion.php","metodo":"POST","duracion_ms":1483.5,"memoria_mb":2,"status":200}
{"ts":"2026-09-21T20:57:27-03:00","ruta":"precio_pulsador_exterior.php","metodo":"POST","duracion_ms":866.4,"memoria_mb":2,"status":200}
{"ts":"2026-09-21T20:57:28-03:00","ruta":"precio_pulsador_exterior.php","metodo":"POST","duracion_ms":791.2,"memoria_mb":2,"status":200}
{"ts":"2026-09-21T20:57:32-03:00","ruta":"precio_pulsador_exterior.php","metodo":"POST","duracion_ms":853.2,"memoria_mb":2,"status":200}
{"ts":"2026-09-21T20:57:33-03:00","ruta":"precio_pulsador_exterior.php","metodo":"POST","duracion_ms":608.3,"memoria_mb":2,"status":200}
{"ts":"2026-09-21T20:57:34-03:00","ruta":"precio_pulsador_exterior.php","metodo":"POST","duracion_ms":554.8,"memoria_mb":2,"status":200}
{"ts":"2026-09-21T20:57:40-03:00","ruta":"calcular_senalizacion.php","metodo":"POST","duracion_ms":2929.9,"memoria_mb":2,"status":200}
{"ts":"2026-09-21T20:57:42-03:00","ruta":"precio_pulsador_exterior.php","metodo":"POST","duracion_ms":871.2,"memoria_mb":2,"status":200}
{"ts":"2026-09-21T20:57:43-03:00","ruta":"precio_pulsador_exterior.php","metodo":"POST","duracion_ms":622.4,"memoria_mb":2,"status":200}
{"ts":"2026-09-21T20:57:48-03:00","ruta":"calcular_senalizacion.php","metodo":"POST","duracion_ms":1411.8,"memoria_mb":2,"status":200}
{"ts":"2026-09-21T20:58:34-03:00","ruta":"precio_pulsador_exterior.php","metodo":"POST","duracion_ms":1068.4,"memoria_mb":2,"status":200}
{"ts":"2026-09-21T20:58:38-03:00","ruta":"calcular.php","metodo":"POST","duracion_ms":2048.1,"memoria_mb":4,"status":302}
{"ts":"2026-09-21T20:58:41-03:00","ruta":"calcular.php","metodo":"POST","duracion_ms":1856.3,"memoria_mb":4,"status":200}
{"ts":"2026-09-21T20:58:44-03:00","ruta":"ver_cotizacion.php","metodo":"GET","duracion_ms":2273.9,"memoria_mb":2,"status":200}
{"ts":"2026-09-21T20:58:50-03:00","ruta":"generar_pdf_cotizacion.php","metodo":"GET","duracion_ms":2490.8,"memoria_mb":2,"status":302}
{"ts":"2026-09-21T20:59:38-03:00","ruta":"index.php","metodo":"GET","duracion_ms":4864.7,"memoria_mb":6,"status":200}
{"ts":"2026-09-21T20:59:40-03:00","ruta":"get_subtipos.php","metodo":"POST","duracion_ms":1105.8,"memoria_mb":2,"status":200}
{"ts":"2026-09-21T20:59:41-03:00","ruta":"precio_pulsador_exterior.php","metodo":"POST","duracion_ms":1463.1,"memoria_mb":2,"status":200}
{"ts":"2026-09-21T20:59:45-03:00","ruta":"precio_pulsador_exterior.php","metodo":"POST","duracion_ms":651,"memoria_mb":2,"status":200}
{"ts":"2026-09-21T20:59:46-03:00","ruta":"precio_pulsador_exterior.php","metodo":"POST","duracion_ms":561,"memoria_mb":2,"status":200}
{"ts":"2026-09-21T20:59:47-03:00","ruta":"precio_pulsador_exterior.php","metodo":"POST","duracion_ms":689.9,"memoria_mb":2,"status":200}
{"ts":"2026-09-21T20:59:49-03:00","ruta":"cliente_especificaciones_api.php","metodo":"GET","duracion_ms":618.2,"memoria_mb":2,"status":200}
{"ts":"2026-09-21T20:59:49-03:00","ruta":"get_cliente.php","metodo":"GET","duracion_ms":2804.3,"memoria_mb":2,"status":200}
{"ts":"2026-09-21T20:59:52-03:00","ruta":"index.php","metodo":"GET","duracion_ms":2760.7,"memoria_mb":2,"status":302}
{"ts":"2026-09-21T20:59:58-03:00","ruta":"index.php","metodo":"GET","duracion_ms":3683.4,"memoria_mb":6,"status":200}
{"ts":"2026-09-21T20:59:59-03:00","ruta":"precio_pulsador_exterior.php","metodo":"POST","duracion_ms":1024.8,"memoria_mb":2,"status":200}
{"ts":"2026-09-21T21:00:00-03:00","ruta":"precio_pulsador_exterior.php","metodo":"POST","duracion_ms":921.3,"memoria_mb":2,"status":200}
{"ts":"2026-09-21T21:00:32-03:00","ruta":"cotizaciones.php","metodo":"GET","duracion_ms":1882.5,"memoria_mb":4,"status":200}
{"ts":"2026-09-21T21:00:41-03:00","ruta":"index.php","metodo":"GET","duracion_ms":2275.8,"memoria_mb":2,"status":302}
{"ts":"2026-09-21T21:00:45-03:00","ruta":"index.php","metodo":"GET","duracion_ms":4359.8,"memoria_mb":6,"status":200}
{"ts":"2026-09-21T21:00:50-03:00","ruta":"cotizaciones.php","metodo":"GET","duracion_ms":1841.9,"memoria_mb":4,"status":200}
{"ts":"2026-09-21T21:01:18-03:00","ruta":"ver_cotizacion.php","metodo":"GET","duracion_ms":2211.5,"memoria_mb":2,"status":200}
{"ts":"2026-09-21T21:02:28-03:00","ruta":"index.php","metodo":"GET","duracion_ms":2273.6,"memoria_mb":2,"status":302}
{"ts":"2026-09-21T21:02:32-03:00","ruta":"index.php","metodo":"GET","duracion_ms":3711.5,"memoria_mb":6,"status":200}
{"ts":"2026-09-21T21:07:18-03:00","ruta":"index.php","metodo":"GET","duracion_ms":4065.6,"memoria_mb":4,"status":200}
{"ts":"2026-09-21T21:07:26-03:00","ruta":"index.php","metodo":"GET","duracion_ms":2813.7,"memoria_mb":2,"status":302}
{"ts":"2026-09-21T21:07:30-03:00","ruta":"index.php","metodo":"GET","duracion_ms":3970.3,"memoria_mb":6,"status":200}
{"ts":"2026-09-21T21:07:35-03:00","ruta":"get_cliente.php","metodo":"GET","duracion_ms":827.3,"memoria_mb":2,"status":200}
{"ts":"2026-09-21T21:08:08-03:00","ruta":"comercial.php","metodo":"GET","duracion_ms":2585.5,"memoria_mb":4,"status":200}
{"ts":"2026-09-21T21:09:34-03:00","ruta":"comercial.php","metodo":"GET","duracion_ms":2670.4,"memoria_mb":4,"status":200}
{"ts":"2026-09-21T21:09:56-03:00","ruta":"comercial.php","metodo":"GET","duracion_ms":2654.8,"memoria_mb":4,"status":200}
{"ts":"2026-09-21T21:10:09-03:00","ruta":"comercial.php","metodo":"GET","duracion_ms":2721.7,"memoria_mb":2,"status":200}
{"ts":"2026-09-21T21:10:19-03:00","ruta":"comercial.php","metodo":"GET","duracion_ms":3017.2,"memoria_mb":2,"status":200}
{"ts":"2026-09-21T21:10:26-03:00","ruta":"comercial.php","metodo":"GET","duracion_ms":3167.9,"memoria_mb":2,"status":200}
{"ts":"2026-09-21T21:10:35-03:00","ruta":"comercial.php","metodo":"GET","duracion_ms":2915.9,"memoria_mb":2,"status":200}
{"ts":"2026-09-21T21:10:57-03:00","ruta":"comercial.php","metodo":"GET","duracion_ms":2627.7,"memoria_mb":2,"status":200}
{"ts":"2026-09-21T21:11:13-03:00","ruta":"comercial.php","metodo":"GET","duracion_ms":2890,"memoria_mb":2,"status":200}
{"ts":"2026-09-21T21:11:37-03:00","ruta":"comercial.php","metodo":"GET","duracion_ms":2664.5,"memoria_mb":2,"status":200}
{"ts":"2026-09-21T21:13:11-03:00","ruta":"comercial.php","metodo":"GET","duracion_ms":4117.9,"memoria_mb":2,"status":200}
{"ts":"2026-09-21T21:14:03-03:00","ruta":"index.php","metodo":"GET","duracion_ms":2345,"memoria_mb":2,"status":302}
{"ts":"2026-09-21T21:14:07-03:00","ruta":"index.php","metodo":"GET","duracion_ms":3779.8,"memoria_mb":6,"status":200}
{"ts":"2026-09-21T21:19:32-03:00","ruta":"comercial.php","metodo":"GET","duracion_ms":2850.2,"memoria_mb":2,"status":200}
{"ts":"2026-09-21T21:20:39-03:00","ruta":"index.php","metodo":"GET","duracion_ms":3060.7,"memoria_mb":2,"status":302}
{"ts":"2026-09-21T21:20:42-03:00","ruta":"index.php","metodo":"GET","duracion_ms":3598.4,"memoria_mb":4,"status":200}
{"ts":"2026-09-21T22:17:32-03:00","ruta":"index.php","metodo":"GET","duracion_ms":3704,"memoria_mb":2,"status":200}
{"ts":"2026-09-21T22:17:38-03:00","ruta":"comercial.php","metodo":"GET","duracion_ms":2626,"memoria_mb":2,"status":200}
{"ts":"2026-09-21T22:17:43-03:00","ruta":"comercial.php","metodo":"GET","duracion_ms":639.4,"memoria_mb":2,"status":200}
{"ts":"2026-09-21T22:17:50-03:00","ruta":"comercial.php","metodo":"GET","duracion_ms":637.6,"memoria_mb":2,"status":200}
{"ts":"2026-09-21T22:18:23-03:00","ruta":"comercial.php","metodo":"GET","duracion_ms":628.4,"memoria_mb":2,"status":200}
{"ts":"2026-09-21T22:57:33-03:00","ruta":"index.php","metodo":"GET","duracion_ms":3372.9,"memoria_mb":2,"status":302}
{"ts":"2026-09-21T22:57:39-03:00","ruta":"index.php","metodo":"GET","duracion_ms":6271.3,"memoria_mb":2,"status":200}
{"ts":"2026-09-21T22:59:33-03:00","ruta":"index.php","metodo":"GET","duracion_ms":2352.8,"memoria_mb":2,"status":302}
{"ts":"2026-09-21T22:59:37-03:00","ruta":"index.php","metodo":"GET","duracion_ms":4304.9,"memoria_mb":6,"status":200}
{"ts":"2026-09-21T23:15:53-03:00","ruta":"index.php","metodo":"GET","duracion_ms":4504.8,"memoria_mb":2,"status":200}
{"ts":"2026-09-21T23:16:51-03:00","ruta":"index.php","metodo":"GET","duracion_ms":4619.9,"memoria_mb":2,"status":302}
{"ts":"2026-09-21T23:16:56-03:00","ruta":"index.php","metodo":"GET","duracion_ms":5318.9,"memoria_mb":6,"status":200}
{"ts":"2026-09-21T23:17:25-03:00","ruta":"index.php","metodo":"GET","duracion_ms":3980.1,"memoria_mb":4,"status":200}
{"ts":"2026-09-21T23:17:26-03:00","ruta":"get_subtipos.php","metodo":"POST","duracion_ms":798,"memoria_mb":2,"status":200}
{"ts":"2026-09-21T23:17:27-03:00","ruta":"get_corriente_variador.php","metodo":"POST","duracion_ms":960.3,"memoria_mb":2,"status":200}
{"ts":"2026-09-21T23:17:54-03:00","ruta":"administrar_plantillas.php","metodo":"GET","duracion_ms":525.9,"memoria_mb":2,"status":200}
{"ts":"2026-09-21T23:19:24-03:00","ruta":"index.php","metodo":"GET","duracion_ms":3706,"memoria_mb":4,"status":200}
{"ts":"2026-09-21T23:19:25-03:00","ruta":"get_subtipos.php","metodo":"POST","duracion_ms":623.7,"memoria_mb":2,"status":200}
{"ts":"2026-09-22T19:47:37-03:00","ruta":"index.php","metodo":"GET","duracion_ms":1266.6,"memoria_mb":2,"status":302}
{"ts":"2026-09-22T19:47:38-03:00","ruta":"login.php","metodo":"GET","duracion_ms":819.8,"memoria_mb":2,"status":200}
{"ts":"2026-09-22T19:47:49-03:00","ruta":"login.php","metodo":"POST","duracion_ms":1296,"memoria_mb":2,"status":302}
{"ts":"2026-09-22T19:47:59-03:00","ruta":"index.php","metodo":"GET","duracion_ms":10349.7,"memoria_mb":6,"status":200}
{"ts":"2026-09-22T19:48:45-03:00","ruta":"cliente_especificaciones_api.php","metodo":"GET","duracion_ms":611,"memoria_mb":2,"status":200}
{"ts":"2026-09-22T19:49:26-03:00","ruta":"index.php","metodo":"GET","duracion_ms":4366.8,"memoria_mb":2,"status":200}
{"ts":"2026-09-22T19:49:27-03:00","ruta":"get_subtipos.php","metodo":"POST","duracion_ms":1248,"memoria_mb":2,"status":200}
{"ts":"2026-09-22T19:49:28-03:00","ruta":"cliente_especificaciones_api.php","metodo":"GET","duracion_ms":674.4,"memoria_mb":2,"status":200}
{"ts":"2026-09-22T19:49:28-03:00","ruta":"get_cliente.php","metodo":"GET","duracion_ms":2275.9,"memoria_mb":2,"status":200}
{"ts":"2026-09-22T19:49:30-03:00","ruta":"cliente_especificaciones_api.php","metodo":"GET","duracion_ms":732.4,"memoria_mb":2,"status":200}
{"ts":"2026-09-22T19:49:30-03:00","ruta":"get_cliente.php","metodo":"GET","duracion_ms":1858.8,"memoria_mb":2,"status":200}
{"ts":"2026-09-22T19:50:05-03:00","ruta":"calcular.php","metodo":"POST","duracion_ms":2461.2,"memoria_mb":4,"status":200}
{"ts":"2026-09-22T19:50:08-03:00","ruta":"calcular.php","metodo":"POST","duracion_ms":2449.7,"memoria_mb":4,"status":200}
{"ts":"2026-09-22T19:50:10-03:00","ruta":"calcular.php","metodo":"POST","duracion_ms":2004.6,"memoria_mb":4,"status":200}
{"ts":"2026-09-22T19:50:12-03:00","ruta":"calcular.php","metodo":"POST","duracion_ms":1924,"memoria_mb":4,"status":200}
{"ts":"2026-09-22T19:50:13-03:00","ruta":"calcular.php","metodo":"POST","duracion_ms":1563.4,"memoria_mb":4,"status":200}
{"ts":"2026-09-22T19:50:16-03:00","ruta":"calcular.php","metodo":"POST","duracion_ms":2394.2,"memoria_mb":4,"status":200}
{"ts":"2026-09-22T19:50:18-03:00","ruta":"calcular.php","metodo":"POST","duracion_ms":2153.8,"memoria_mb":4,"status":200}
{"ts":"2026-09-22T19:50:20-03:00","ruta":"calcular.php","metodo":"POST","duracion_ms":1770.2,"memoria_mb":4,"status":200}
{"ts":"2026-09-22T19:50:22-03:00","ruta":"calcular.php","metodo":"POST","duracion_ms":1936.7,"memoria_mb":4,"status":200}
{"ts":"2026-09-22T19:50:24-03:00","ruta":"calcular.php","metodo":"POST","duracion_ms":2008.1,"memoria_mb":4,"status":200}
{"ts":"2026-09-22T19:50:26-03:00","ruta":"calcular.php","metodo":"POST","duracion_ms":1924.7,"memoria_mb":4,"status":200}
{"ts":"2026-09-22T19:50:28-03:00","ruta":"calcular.php","metodo":"POST","duracion_ms":1715.5,"memoria_mb":4,"status":200}
{"ts":"2026-09-22T19:50:29-03:00","ruta":"calcular.php","metodo":"POST","duracion_ms":1489.4,"memoria_mb":4,"status":200}
{"ts":"2026-09-22T19:50:31-03:00","ruta":"calcular.php","metodo":"POST","duracion_ms":1993.3,"memoria_mb":4,"status":200}
{"ts":"2026-09-22T19:50:34-03:00","ruta":"calcular.php","metodo":"POST","duracion_ms":1705.3,"memoria_mb":4,"status":200}
{"ts":"2026-09-22T19:50:36-03:00","ruta":"calcular.php","metodo":"POST","duracion_ms":1832.4,"memoria_mb":4,"status":200}
{"ts":"2026-09-22T19:50:37-03:00","ruta":"calcular.php","metodo":"POST","duracion_ms":1441.6,"memoria_mb":4,"status":200}
{"ts":"2026-09-22T19:50:52-03:00","ruta":"get_corriente_variador.php","metodo":"POST","duracion_ms":755.5,"memoria_mb":2,"status":200}
{"ts":"2026-09-22T19:50:53-03:00","ruta":"calcular.php","metodo":"POST","duracion_ms":1498.2,"memoria_mb":4,"status":200}
{"ts":"2026-09-22T19:50:55-03:00","ruta":"calcular.php","metodo":"POST","duracion_ms":1574.2,"memoria_mb":4,"status":200}
{"ts":"2026-09-22T19:51:09-03:00","ruta":"precio_pulsador_exterior.php","metodo":"POST","duracion_ms":945.8,"memoria_mb":2,"status":200}
{"ts":"2026-09-22T19:51:16-03:00","ruta":"precio_pulsador_exterior.php","metodo":"POST","duracion_ms":572.3,"memoria_mb":2,"status":200}
{"ts":"2026-09-22T19:51:22-03:00","ruta":"precio_pulsador_exterior.php","metodo":"POST","duracion_ms":697.6,"memoria_mb":2,"status":200}
{"ts":"2026-09-22T19:51:25-03:00","ruta":"calcular_senalizacion.php","metodo":"POST","duracion_ms":1398.1,"memoria_mb":2,"status":200}
{"ts":"2026-09-22T19:51:27-03:00","ruta":"precio_pulsador_exterior.php","metodo":"POST","duracion_ms":536.3,"memoria_mb":2,"status":200}
{"ts":"2026-09-22T19:51:30-03:00","ruta":"calcular_senalizacion.php","metodo":"POST","duracion_ms":2559.2,"memoria_mb":2,"status":200}
{"ts":"2026-09-22T19:51:38-03:00","ruta":"calcular_senalizacion.php","metodo":"POST","duracion_ms":1526.8,"memoria_mb":2,"status":200}
{"ts":"2026-09-22T19:51:40-03:00","ruta":"precio_pulsador_exterior.php","metodo":"POST","duracion_ms":1034.6,"memoria_mb":2,"status":200}
{"ts":"2026-09-22T19:51:41-03:00","ruta":"precio_pulsador_exterior.php","metodo":"POST","duracion_ms":789.7,"memoria_mb":2,"status":200}
{"ts":"2026-09-22T19:51:46-03:00","ruta":"calcular_senalizacion.php","metodo":"POST","duracion_ms":1297.4,"memoria_mb":2,"status":200}
{"ts":"2026-09-22T19:52:02-03:00","ruta":"precio_pulsador_exterior.php","metodo":"POST","duracion_ms":863.9,"memoria_mb":2,"status":200}
{"ts":"2026-09-22T19:52:06-03:00","ruta":"calcular_senalizacion.php","metodo":"POST","duracion_ms":1392.1,"memoria_mb":2,"status":200}
{"ts":"2026-09-22T19:54:52-03:00","ruta":"precio_pulsador_exterior.php","metodo":"POST","duracion_ms":878.1,"memoria_mb":2,"status":200}
{"ts":"2026-09-22T19:54:56-03:00","ruta":"calcular.php","metodo":"POST","duracion_ms":1976.9,"memoria_mb":4,"status":302}
{"ts":"2026-09-22T19:54:57-03:00","ruta":"precio_pulsador_exterior.php","metodo":"POST","duracion_ms":513.8,"memoria_mb":2,"status":200}
{"ts":"2026-09-22T19:54:58-03:00","ruta":"calcular.php","metodo":"POST","duracion_ms":1726.8,"memoria_mb":4,"status":200}
{"ts":"2026-09-22T19:55:01-03:00","ruta":"ver_cotizacion.php","metodo":"GET","duracion_ms":2290,"memoria_mb":2,"status":200}
{"ts":"2026-09-22T19:55:07-03:00","ruta":"generar_pdf_cotizacion.php","metodo":"GET","duracion_ms":2389.9,"memoria_mb":2,"status":302}
{"ts":"2026-09-22T19:57:39-03:00","ruta":"crear_pedido.php","metodo":"GET","duracion_ms":1697.6,"memoria_mb":2,"status":302}
{"ts":"2026-09-22T19:57:41-03:00","ruta":"pedido_preintegracion.php","metodo":"GET","duracion_ms":1663.1,"memoria_mb":4,"status":200}
{"ts":"2026-09-22T19:58:03-03:00","ruta":"pedido_preintegracion.php","metodo":"POST","duracion_ms":1860.4,"memoria_mb":4,"status":302}
{"ts":"2026-09-22T19:58:05-03:00","ruta":"ver_pedido.php","metodo":"GET","duracion_ms":1783.3,"memoria_mb":2,"status":200}
{"ts":"2026-09-22T19:58:12-03:00","ruta":"ordenes_fabricacion.php","metodo":"GET","duracion_ms":2445.4,"memoria_mb":4,"status":200}
{"ts":"2026-09-22T19:58:19-03:00","ruta":"generar_pdf_orden_fabricacion.php","metodo":"GET","duracion_ms":2482.8,"memoria_mb":4,"status":302}
{"ts":"2026-09-22T19:59:35-03:00","ruta":"generar_pdf_orden_fabricacion.php","metodo":"GET","duracion_ms":2295.3,"memoria_mb":4,"status":302}
{"ts":"2026-09-22T20:02:09-03:00","ruta":"mantenimiento_integracion_externa.php","metodo":"GET","duracion_ms":525.4,"memoria_mb":2,"status":200}
{"ts":"2026-09-22T20:04:48-03:00","ruta":"ordenes_fabricacion.php","metodo":"GET","duracion_ms":6344,"memoria_mb":4,"status":200}
{"ts":"2026-09-22T20:04:50-03:00","ruta":"pedidos.php","metodo":"GET","duracion_ms":2115,"memoria_mb":4,"status":200}
{"ts":"2026-09-22T20:04:54-03:00","ruta":"cotizaciones.php","metodo":"GET","duracion_ms":2399.2,"memoria_mb":4,"status":200}
{"ts":"2026-09-22T20:05:02-03:00","ruta":"generar_pdf_cotizacion.php","metodo":"GET","duracion_ms":2568.3,"memoria_mb":2,"status":302}
{"ts":"2026-09-22T20:05:20-03:00","ruta":"pedidos.php","metodo":"GET","duracion_ms":2873,"memoria_mb":4,"status":200}
{"ts":"2026-09-22T20:05:30-03:00","ruta":"generar_pdf_pedido.php","metodo":"GET","duracion_ms":2554,"memoria_mb":2,"status":302}
{"ts":"2026-09-22T20:05:43-03:00","ruta":"ordenes_fabricacion.php","metodo":"GET","duracion_ms":2722.2,"memoria_mb":4,"status":200}
{"ts":"2026-09-22T20:05:57-03:00","ruta":"generar_pdf_orden_fabricacion.php","metodo":"GET","duracion_ms":3002,"memoria_mb":4,"status":302}
{"ts":"2026-09-22T20:06:15-03:00","ruta":"generar_pdf_orden_fabricacion.php","metodo":"GET","duracion_ms":2553.3,"memoria_mb":4,"status":302}
{"ts":"2026-09-22T20:28:21-03:00","ruta":"ordenes_fabricacion.php","metodo":"GET","duracion_ms":3320.8,"memoria_mb":2,"status":200}
{"ts":"2026-09-22T21:23:03-03:00","ruta":"index.php","metodo":"GET","duracion_ms":2688.3,"memoria_mb":2,"status":302}
{"ts":"2026-09-22T21:23:11-03:00","ruta":"index.php","metodo":"GET","duracion_ms":7756.3,"memoria_mb":2,"status":200}
{"ts":"2026-09-22T21:28:47-03:00","ruta":"comercial.php","metodo":"GET","duracion_ms":3437.6,"memoria_mb":2,"status":200}
{"ts":"2026-09-22T21:28:57-03:00","ruta":"comercial.php","metodo":"POST","duracion_ms":2585.1,"memoria_mb":2,"status":302}
{"ts":"2026-09-22T21:28:59-03:00","ruta":"comercial.php","metodo":"GET","duracion_ms":2667.4,"memoria_mb":2,"status":200}
{"ts":"2026-09-22T21:29:06-03:00","ruta":"index.php","metodo":"GET","duracion_ms":2378.7,"memoria_mb":2,"status":302}
{"ts":"2026-09-22T21:29:11-03:00","ruta":"index.php","metodo":"GET","duracion_ms":5244.1,"memoria_mb":6,"status":200}
{"ts":"2026-09-22T21:29:19-03:00","ruta":"repuestos_integracion.php","metodo":"GET","duracion_ms":4030.6,"memoria_mb":2,"status":200}
{"ts":"2026-09-22T21:33:54-03:00","ruta":"index.php","metodo":"GET","duracion_ms":4066.9,"memoria_mb":2,"status":200}
{"ts":"2026-09-22T21:34:09-03:00","ruta":"index.php","metodo":"GET","duracion_ms":3700.7,"memoria_mb":2,"status":200}
{"ts":"2026-09-22T21:34:10-03:00","ruta":"get_subtipos.php","metodo":"POST","duracion_ms":931.2,"memoria_mb":2,"status":200}
{"ts":"2026-09-22T21:34:11-03:00","ruta":"get_corriente_variador.php","metodo":"POST","duracion_ms":731.6,"memoria_mb":2,"status":200}
{"ts":"2026-09-22T21:34:29-03:00","ruta":"index.php","metodo":"GET","duracion_ms":3609.7,"memoria_mb":2,"status":200}
{"ts":"2026-09-22T21:34:30-03:00","ruta":"get_subtipos.php","metodo":"POST","duracion_ms":798.2,"memoria_mb":2,"status":200}
{"ts":"2026-09-22T21:34:31-03:00","ruta":"get_corriente_variador.php","metodo":"POST","duracion_ms":1355.9,"memoria_mb":2,"status":200}
{"ts":"2026-09-22T21:36:08-03:00","ruta":"calcular.php","metodo":"POST","duracion_ms":2144.6,"memoria_mb":2,"status":200}
{"ts":"2026-09-22T21:36:10-03:00","ruta":"calcular.php","metodo":"POST","duracion_ms":1745.9,"memoria_mb":4,"status":200}
{"ts":"2026-09-22T21:36:12-03:00","ruta":"calcular.php","metodo":"POST","duracion_ms":1825.2,"memoria_mb":4,"status":200}
{"ts":"2026-09-22T21:36:13-03:00","ruta":"calcular.php","metodo":"POST","duracion_ms":1475.8,"memoria_mb":2,"status":200}
{"ts":"2026-09-22T21:36:14-03:00","ruta":"calcular.php","metodo":"POST","duracion_ms":1464.6,"memoria_mb":2,"status":200}
{"ts":"2026-09-22T21:36:16-03:00","ruta":"calcular.php","metodo":"POST","duracion_ms":1850.7,"memoria_mb":4,"status":200}
{"ts":"2026-09-22T21:36:45-03:00","ruta":"calcular.php","metodo":"POST","duracion_ms":1353.9,"memoria_mb":4,"status":200}
{"ts":"2026-09-22T21:36:58-03:00","ruta":"calcular.php","metodo":"POST","duracion_ms":1742.3,"memoria_mb":4,"status":200}
{"ts":"2026-09-22T21:37:07-03:00","ruta":"index.php","metodo":"GET","duracion_ms":3508.6,"memoria_mb":6,"status":200}
{"ts":"2026-09-22T21:37:08-03:00","ruta":"get_subtipos.php","metodo":"POST","duracion_ms":878.2,"memoria_mb":2,"status":200}
{"ts":"2026-09-22T21:37:09-03:00","ruta":"get_corriente_variador.php","metodo":"POST","duracion_ms":975.6,"memoria_mb":2,"status":200}
{"ts":"2026-09-22T21:37:11-03:00","ruta":"calcular.php","metodo":"POST","duracion_ms":2366.6,"memoria_mb":2,"status":422}
{"ts":"2026-09-22T21:37:15-03:00","ruta":"calcular.php","metodo":"POST","duracion_ms":2567.8,"memoria_mb":2,"status":422}
{"ts":"2026-09-22T21:37:16-03:00","ruta":"calcular.php","metodo":"POST","duracion_ms":1425.6,"memoria_mb":4,"status":422}
{"ts":"2026-09-22T21:37:17-03:00","ruta":"calcular.php","metodo":"POST","duracion_ms":1398,"memoria_mb":4,"status":422}
{"ts":"2026-09-22T21:37:20-03:00","ruta":"calcular.php","metodo":"POST","duracion_ms":2220.8,"memoria_mb":4,"status":200}
{"ts":"2026-09-22T21:37:21-03:00","ruta":"calcular.php","metodo":"POST","duracion_ms":1404.8,"memoria_mb":4,"status":200}
{"ts":"2026-09-22T21:37:23-03:00","ruta":"calcular.php","metodo":"POST","duracion_ms":1538.1,"memoria_mb":4,"status":200}
{"ts":"2026-09-22T21:37:25-03:00","ruta":"calcular.php","metodo":"POST","duracion_ms":2120.1,"memoria_mb":4,"status":200}
{"ts":"2026-09-22T21:40:05-03:00","ruta":"index.php","metodo":"GET","duracion_ms":3557.9,"memoria_mb":6,"status":200}
{"ts":"2026-09-22T21:40:07-03:00","ruta":"get_subtipos.php","metodo":"POST","duracion_ms":1071.7,"memoria_mb":2,"status":200}
{"ts":"2026-09-22T21:40:08-03:00","ruta":"get_corriente_variador.php","metodo":"POST","duracion_ms":794.4,"memoria_mb":2,"status":200}
{"ts":"2026-09-22T21:40:09-03:00","ruta":"calcular.php","metodo":"POST","duracion_ms":1829.6,"memoria_mb":4,"status":200}
{"ts":"2026-09-22T21:40:14-03:00","ruta":"index.php","metodo":"GET","duracion_ms":2159.6,"memoria_mb":2,"status":302}
{"ts":"2026-09-22T21:40:18-03:00","ruta":"index.php","metodo":"GET","duracion_ms":3573,"memoria_mb":6,"status":200}
{"ts":"2026-09-22T21:40:27-03:00","ruta":"index.php","metodo":"GET","duracion_ms":3089,"memoria_mb":4,"status":200}
{"ts":"2026-09-22T21:40:28-03:00","ruta":"get_corriente_variador.php","metodo":"POST","duracion_ms":817.7,"memoria_mb":2,"status":200}
{"ts":"2026-09-22T21:49:12-03:00","ruta":"index.php","metodo":"GET","duracion_ms":3714.3,"memoria_mb":6,"status":200}
{"ts":"2026-09-22T21:49:14-03:00","ruta":"get_subtipos.php","metodo":"POST","duracion_ms":1441.7,"memoria_mb":2,"status":200}
{"ts":"2026-09-22T21:49:15-03:00","ruta":"get_corriente_variador.php","metodo":"POST","duracion_ms":564.7,"memoria_mb":2,"status":200}
{"ts":"2026-09-22T21:49:27-03:00","ruta":"index.php","metodo":"GET","duracion_ms":2277.7,"memoria_mb":2,"status":302}
{"ts":"2026-09-22T21:49:31-03:00","ruta":"index.php","metodo":"GET","duracion_ms":3785.5,"memoria_mb":6,"status":200}
{"ts":"2026-09-22T21:54:59-03:00","ruta":"index.php","metodo":"GET","duracion_ms":3885.3,"memoria_mb":2,"status":200}
{"ts":"2026-09-22T21:55:05-03:00","ruta":"index.php","metodo":"GET","duracion_ms":2335.3,"memoria_mb":2,"status":302}
{"ts":"2026-09-22T21:55:08-03:00","ruta":"index.php","metodo":"GET","duracion_ms":3606.8,"memoria_mb":6,"status":200}
{"ts":"2026-09-22T21:55:17-03:00","ruta":"index.php","metodo":"GET","duracion_ms":3569.4,"memoria_mb":4,"status":200}
{"ts":"2026-09-22T21:55:18-03:00","ruta":"get_subtipos.php","metodo":"POST","duracion_ms":814.9,"memoria_mb":2,"status":200}
{"ts":"2026-09-22T21:55:19-03:00","ruta":"get_corriente_variador.php","metodo":"POST","duracion_ms":1048.1,"memoria_mb":2,"status":200}
{"ts":"2026-09-22T22:01:20-03:00","ruta":"index.php","metodo":"GET","duracion_ms":3730.9,"memoria_mb":6,"status":200}
{"ts":"2026-09-22T22:01:21-03:00","ruta":"get_subtipos.php","metodo":"POST","duracion_ms":889.9,"memoria_mb":2,"status":200}
{"ts":"2026-09-22T22:01:22-03:00","ruta":"get_corriente_variador.php","metodo":"POST","duracion_ms":783.3,"memoria_mb":2,"status":200}
{"ts":"2026-09-22T22:01:28-03:00","ruta":"index.php","metodo":"GET","duracion_ms":2230.1,"memoria_mb":2,"status":302}
{"ts":"2026-09-22T22:01:32-03:00","ruta":"index.php","metodo":"GET","duracion_ms":3528.6,"memoria_mb":6,"status":200}
{"ts":"2026-09-22T22:01:39-03:00","ruta":"index.php","metodo":"GET","duracion_ms":3520.4,"memoria_mb":4,"status":200}
{"ts":"2026-09-22T22:01:41-03:00","ruta":"get_subtipos.php","metodo":"POST","duracion_ms":1840.8,"memoria_mb":2,"status":200}
{"ts":"2026-09-22T22:01:44-03:00","ruta":"index.php","metodo":"GET","duracion_ms":2386.8,"memoria_mb":2,"status":302}
{"ts":"2026-09-22T22:01:47-03:00","ruta":"index.php","metodo":"GET","duracion_ms":2593.9,"memoria_mb":2,"status":200}
{"ts":"2026-09-22T22:01:51-03:00","ruta":"index.php","metodo":"GET","duracion_ms":3947.7,"memoria_mb":6,"status":200}
{"ts":"2026-09-22T22:01:53-03:00","ruta":"get_subtipos.php","metodo":"POST","duracion_ms":1790.7,"memoria_mb":2,"status":200}
{"ts":"2026-09-22T22:01:54-03:00","ruta":"get_corriente_variador.php","metodo":"POST","duracion_ms":537.3,"memoria_mb":2,"status":200}
{"ts":"2026-09-22T22:01:59-03:00","ruta":"index.php","metodo":"GET","duracion_ms":3760.3,"memoria_mb":6,"status":200}
{"ts":"2026-09-22T22:02:01-03:00","ruta":"get_subtipos.php","metodo":"POST","duracion_ms":1684.7,"memoria_mb":2,"status":200}
{"ts":"2026-09-22T22:02:04-03:00","ruta":"index.php","metodo":"GET","duracion_ms":2267.8,"memoria_mb":2,"status":302}
{"ts":"2026-09-22T22:02:08-03:00","ruta":"index.php","metodo":"GET","duracion_ms":3519.6,"memoria_mb":6,"status":200}
{"ts":"2026-09-22T22:05:14-03:00","ruta":"index.php","metodo":"GET","duracion_ms":4050.4,"memoria_mb":4,"status":200}
{"ts":"2026-09-22T22:05:19-03:00","ruta":"index.php","metodo":"GET","duracion_ms":2349.8,"memoria_mb":2,"status":302}
{"ts":"2026-09-22T22:05:23-03:00","ruta":"index.php","metodo":"GET","duracion_ms":3776,"memoria_mb":6,"status":200}
{"ts":"2026-09-22T22:05:34-03:00","ruta":"index.php","metodo":"GET","duracion_ms":3511.3,"memoria_mb":4,"status":200}
{"ts":"2026-09-22T22:05:35-03:00","ruta":"get_subtipos.php","metodo":"POST","duracion_ms":858.5,"memoria_mb":2,"status":200}
{"ts":"2026-09-22T22:05:36-03:00","ruta":"get_corriente_variador.php","metodo":"POST","duracion_ms":696.7,"memoria_mb":2,"status":200}
{"ts":"2026-09-22T22:06:18-03:00","ruta":"index.php","metodo":"GET","duracion_ms":3435.9,"memoria_mb":6,"status":200}
{"ts":"2026-09-22T22:06:21-03:00","ruta":"get_subtipos.php","metodo":"POST","duracion_ms":1682.7,"memoria_mb":2,"status":200}
{"ts":"2026-09-22T22:06:23-03:00","ruta":"index.php","metodo":"GET","duracion_ms":2264.8,"memoria_mb":2,"status":302}
{"ts":"2026-09-22T22:06:27-03:00","ruta":"index.php","metodo":"GET","duracion_ms":3456.5,"memoria_mb":6,"status":200}
{"ts":"2026-09-22T22:06:40-03:00","ruta":"index.php","metodo":"GET","duracion_ms":3692.2,"memoria_mb":4,"status":200}
{"ts":"2026-09-22T22:06:42-03:00","ruta":"get_subtipos.php","metodo":"POST","duracion_ms":1774.1,"memoria_mb":2,"status":200}
{"ts":"2026-09-22T22:06:42-03:00","ruta":"get_corriente_variador.php","metodo":"POST","duracion_ms":577.7,"memoria_mb":2,"status":200}
{"ts":"2026-09-22T23:10:34-03:00","ruta":"index.php","metodo":"GET","duracion_ms":3705,"memoria_mb":2,"status":200}
{"ts":"2026-09-22T23:10:36-03:00","ruta":"get_subtipos.php","metodo":"POST","duracion_ms":1365.3,"memoria_mb":2,"status":200}
{"ts":"2026-09-22T23:10:37-03:00","ruta":"get_corriente_variador.php","metodo":"POST","duracion_ms":702.3,"memoria_mb":2,"status":200}
{"ts":"2026-09-22T23:10:39-03:00","ruta":"index.php","metodo":"GET","duracion_ms":2357.6,"memoria_mb":2,"status":302}
{"ts":"2026-09-22T23:10:43-03:00","ruta":"index.php","metodo":"GET","duracion_ms":3653.8,"memoria_mb":6,"status":200}
{"ts":"2026-09-22T23:10:53-03:00","ruta":"index.php","metodo":"GET","duracion_ms":3744,"memoria_mb":4,"status":200}
{"ts":"2026-09-22T23:10:54-03:00","ruta":"get_subtipos.php","metodo":"POST","duracion_ms":1513.7,"memoria_mb":2,"status":200}
{"ts":"2026-09-22T23:11:39-03:00","ruta":"index.php","metodo":"GET","duracion_ms":4813.7,"memoria_mb":6,"status":200}
{"ts":"2026-09-22T23:11:40-03:00","ruta":"get_subtipos.php","metodo":"POST","duracion_ms":715.3,"memoria_mb":2,"status":200}
{"ts":"2026-09-22T23:11:47-03:00","ruta":"index.php","metodo":"GET","duracion_ms":4191.4,"memoria_mb":2,"status":302}
{"ts":"2026-09-22T23:11:52-03:00","ruta":"index.php","metodo":"GET","duracion_ms":4559.2,"memoria_mb":6,"status":200}
{"ts":"2026-09-22T23:12:02-03:00","ruta":"index.php","metodo":"GET","duracion_ms":3636.4,"memoria_mb":4,"status":200}
{"ts":"2026-09-22T23:12:03-03:00","ruta":"get_subtipos.php","metodo":"POST","duracion_ms":836.8,"memoria_mb":2,"status":200}
{"ts":"2026-09-22T23:12:06-03:00","ruta":"get_corriente_variador.php","metodo":"POST","duracion_ms":3092.6,"memoria_mb":2,"status":200}
{"ts":"2026-09-22T23:12:58-03:00","ruta":"index.php","metodo":"GET","duracion_ms":2310.6,"memoria_mb":2,"status":302}
{"ts":"2026-09-22T23:13:02-03:00","ruta":"index.php","metodo":"GET","duracion_ms":3557.5,"memoria_mb":6,"status":200}
{"ts":"2026-09-22T23:13:38-03:00","ruta":"index.php","metodo":"GET","duracion_ms":3894,"memoria_mb":4,"status":200}
{"ts":"2026-09-22T23:14:35-03:00","ruta":"calcular_senalizacion.php","metodo":"POST","duracion_ms":1574.2,"memoria_mb":2,"status":200}
{"ts":"2026-09-22T23:14:56-03:00","ruta":"calcular_senalizacion.php","metodo":"POST","duracion_ms":1542.2,"memoria_mb":2,"status":422}
{"ts":"2026-09-22T23:15:34-03:00","ruta":"calcular_senalizacion.php","metodo":"POST","duracion_ms":1645.6,"memoria_mb":2,"status":422}
{"ts":"2026-09-22T23:15:36-03:00","ruta":"calcular_senalizacion.php","metodo":"POST","duracion_ms":1531.7,"memoria_mb":2,"status":422}
{"ts":"2026-09-22T23:16:35-03:00","ruta":"calcular_senalizacion.php","metodo":"POST","duracion_ms":1747.2,"memoria_mb":2,"status":422}
{"ts":"2026-09-22T23:16:41-03:00","ruta":"calcular_senalizacion.php","metodo":"POST","duracion_ms":1426.6,"memoria_mb":2,"status":422}
{"ts":"2026-09-22T23:17:03-03:00","ruta":"calcular_senalizacion.php","metodo":"POST","duracion_ms":1494.7,"memoria_mb":2,"status":200}
{"ts":"2026-09-22T23:17:08-03:00","ruta":"calcular_senalizacion.php","metodo":"POST","duracion_ms":1578.6,"memoria_mb":2,"status":422}
{"ts":"2026-09-22T23:17:14-03:00","ruta":"calcular_senalizacion.php","metodo":"POST","duracion_ms":1346.1,"memoria_mb":2,"status":422}
{"ts":"2026-09-22T23:23:39-03:00","ruta":"index.php","metodo":"GET","duracion_ms":3483.7,"memoria_mb":6,"status":200}
{"ts":"2026-09-22T23:23:53-03:00","ruta":"precio_pulsador_exterior.php","metodo":"POST","duracion_ms":616.9,"memoria_mb":2,"status":200}
{"ts":"2026-09-22T23:23:54-03:00","ruta":"precio_pulsador_exterior.php","metodo":"POST","duracion_ms":515.7,"memoria_mb":2,"status":200}
{"ts":"2026-09-22T23:23:56-03:00","ruta":"precio_pulsador_exterior.php","metodo":"POST","duracion_ms":529.4,"memoria_mb":2,"status":200}
{"ts":"2026-09-22T23:23:59-03:00","ruta":"precio_pulsador_exterior.php","metodo":"POST","duracion_ms":581.2,"memoria_mb":2,"status":200}
{"ts":"2026-09-22T23:24:04-03:00","ruta":"precio_pulsador_exterior.php","metodo":"POST","duracion_ms":520.3,"memoria_mb":2,"status":200}
{"ts":"2026-09-22T23:24:09-03:00","ruta":"calcular_senalizacion.php","metodo":"POST","duracion_ms":1394.4,"memoria_mb":2,"status":422}
{"ts":"2026-09-22T23:24:14-03:00","ruta":"calcular_senalizacion.php","metodo":"POST","duracion_ms":1306.6,"memoria_mb":2,"status":422}
{"ts":"2026-09-22T23:24:36-03:00","ruta":"index.php","metodo":"GET","duracion_ms":3581.1,"memoria_mb":6,"status":200}
{"ts":"2026-09-22T23:25:00-03:00","ruta":"precio_pulsador_exterior.php","metodo":"POST","duracion_ms":603.5,"memoria_mb":2,"status":200}
{"ts":"2026-09-22T23:25:01-03:00","ruta":"precio_pulsador_exterior.php","metodo":"POST","duracion_ms":574.3,"memoria_mb":2,"status":200}
{"ts":"2026-09-22T23:25:02-03:00","ruta":"precio_pulsador_exterior.php","metodo":"POST","duracion_ms":643,"memoria_mb":2,"status":200}
{"ts":"2026-09-22T23:25:04-03:00","ruta":"precio_pulsador_exterior.php","metodo":"POST","duracion_ms":661.8,"memoria_mb":2,"status":200}
{"ts":"2026-09-22T23:25:06-03:00","ruta":"precio_pulsador_exterior.php","metodo":"POST","duracion_ms":568.7,"memoria_mb":2,"status":200}
{"ts":"2026-09-22T23:25:11-03:00","ruta":"calcular_senalizacion.php","metodo":"POST","duracion_ms":1257,"memoria_mb":2,"status":200}
{"ts":"2026-09-22T23:25:12-03:00","ruta":"precio_pulsador_exterior.php","metodo":"POST","duracion_ms":532.7,"memoria_mb":2,"status":200}
{"ts":"2026-09-22T23:25:12-03:00","ruta":"precio_pulsador_exterior.php","metodo":"POST","duracion_ms":640.2,"memoria_mb":2,"status":200}
{"ts":"2026-09-22T23:25:13-03:00","ruta":"precio_pulsador_exterior.php","metodo":"POST","duracion_ms":801,"memoria_mb":2,"status":200}
{"ts":"2026-09-22T23:28:42-03:00","ruta":"index.php","metodo":"GET","duracion_ms":3866.9,"memoria_mb":6,"status":200}
{"ts":"2026-09-22T23:29:08-03:00","ruta":"precio_pulsador_exterior.php","metodo":"POST","duracion_ms":556.8,"memoria_mb":2,"status":200}
{"ts":"2026-09-22T23:29:09-03:00","ruta":"precio_pulsador_exterior.php","metodo":"POST","duracion_ms":630.6,"memoria_mb":2,"status":200}
{"ts":"2026-09-23T18:15:41-03:00","ruta":"index.php","metodo":"GET","duracion_ms":545.1,"memoria_mb":2,"status":302}
{"ts":"2026-09-23T18:15:45-03:00","ruta":"login.php","metodo":"POST","duracion_ms":608.3,"memoria_mb":2,"status":302}
{"ts":"2026-09-23T18:15:51-03:00","ruta":"index.php","metodo":"GET","duracion_ms":6280.1,"memoria_mb":6,"status":200}
{"ts":"2026-09-23T19:05:55-03:00","ruta":"index.php","metodo":"GET","duracion_ms":2693.9,"memoria_mb":2,"status":200}
{"ts":"2026-09-23T19:05:59-03:00","ruta":"index.php","metodo":"GET","duracion_ms":3419.6,"memoria_mb":2,"status":200}
{"ts":"2026-09-23T19:06:05-03:00","ruta":"cotizaciones.php","metodo":"GET","duracion_ms":1805.2,"memoria_mb":2,"status":200}
{"ts":"2026-09-23T19:06:20-03:00","ruta":"ver_cotizacion.php","metodo":"GET","duracion_ms":2081.3,"memoria_mb":2,"status":200}
{"ts":"2026-09-23T19:06:26-03:00","ruta":"crear_pedido.php","metodo":"GET","duracion_ms":1700.6,"memoria_mb":2,"status":302}
{"ts":"2026-09-23T19:06:28-03:00","ruta":"pedido_preintegracion.php","metodo":"GET","duracion_ms":1634.5,"memoria_mb":2,"status":200}
{"ts":"2026-09-23T19:06:48-03:00","ruta":"pedido_preintegracion.php","metodo":"POST","duracion_ms":2229.4,"memoria_mb":2,"status":302}
{"ts":"2026-09-23T19:06:50-03:00","ruta":"ver_pedido.php","metodo":"GET","duracion_ms":1806.9,"memoria_mb":2,"status":200}
{"ts":"2026-09-23T19:06:58-03:00","ruta":"generar_pdf_pedido.php","metodo":"GET","duracion_ms":2756,"memoria_mb":2,"status":302}
{"ts":"2026-09-23T19:07:12-03:00","ruta":"index.php","metodo":"GET","duracion_ms":2681.1,"memoria_mb":2,"status":302}
{"ts":"2026-09-23T19:07:15-03:00","ruta":"index.php","metodo":"GET","duracion_ms":3577.4,"memoria_mb":6,"status":200}
{"ts":"2026-09-23T19:07:20-03:00","ruta":"index.php","metodo":"GET","duracion_ms":2376.6,"memoria_mb":2,"status":302}
{"ts":"2026-09-23T19:07:24-03:00","ruta":"index.php","metodo":"GET","duracion_ms":4312.7,"memoria_mb":6,"status":200}
{"ts":"2026-09-23T19:07:36-03:00","ruta":"get_cliente.php","metodo":"GET","duracion_ms":910.2,"memoria_mb":2,"status":200}
{"ts":"2026-09-23T19:07:51-03:00","ruta":"index.php","metodo":"GET","duracion_ms":4093.1,"memoria_mb":4,"status":200}
{"ts":"2026-09-23T19:07:52-03:00","ruta":"get_subtipos.php","metodo":"POST","duracion_ms":815.2,"memoria_mb":2,"status":200}
{"ts":"2026-09-23T19:07:53-03:00","ruta":"cliente_especificaciones_api.php","metodo":"GET","duracion_ms":1142.8,"memoria_mb":2,"status":200}
{"ts":"2026-09-23T19:07:53-03:00","ruta":"get_cliente.php","metodo":"GET","duracion_ms":2270.4,"memoria_mb":2,"status":200}
{"ts":"2026-09-23T19:07:54-03:00","ruta":"cliente_especificaciones_api.php","metodo":"GET","duracion_ms":545.3,"memoria_mb":2,"status":200}
{"ts":"2026-09-23T19:07:55-03:00","ruta":"get_cliente.php","metodo":"GET","duracion_ms":1421,"memoria_mb":2,"status":200}
{"ts":"2026-09-23T19:08:00-03:00","ruta":"calcular.php","metodo":"POST","duracion_ms":3103.2,"memoria_mb":4,"status":200}
{"ts":"2026-09-23T19:08:03-03:00","ruta":"calcular.php","metodo":"POST","duracion_ms":2914.8,"memoria_mb":4,"status":200}
{"ts":"2026-09-23T19:08:05-03:00","ruta":"calcular.php","metodo":"POST","duracion_ms":2580.9,"memoria_mb":4,"status":200}
{"ts":"2026-09-23T19:08:07-03:00","ruta":"calcular.php","metodo":"POST","duracion_ms":1984.7,"memoria_mb":4,"status":200}
{"ts":"2026-09-23T19:08:09-03:00","ruta":"calcular.php","metodo":"POST","duracion_ms":1828.1,"memoria_mb":2,"status":200}
{"ts":"2026-09-23T19:08:12-03:00","ruta":"calcular.php","metodo":"POST","duracion_ms":2369.2,"memoria_mb":4,"status":200}
{"ts":"2026-09-23T19:08:14-03:00","ruta":"calcular.php","metodo":"POST","duracion_ms":2044.3,"memoria_mb":4,"status":200}
{"ts":"2026-09-23T19:08:16-03:00","ruta":"calcular.php","metodo":"POST","duracion_ms":2595.2,"memoria_mb":4,"status":200}
{"ts":"2026-09-23T19:08:18-03:00","ruta":"calcular.php","metodo":"POST","duracion_ms":1458.1,"memoria_mb":4,"status":200}
{"ts":"2026-09-23T19:08:21-03:00","ruta":"calcular.php","metodo":"POST","duracion_ms":2659,"memoria_mb":4,"status":200}
{"ts":"2026-09-23T19:08:23-03:00","ruta":"calcular.php","metodo":"POST","duracion_ms":1955.6,"memoria_mb":4,"status":200}
{"ts":"2026-09-23T19:08:24-03:00","ruta":"calcular.php","metodo":"POST","duracion_ms":1672.5,"memoria_mb":4,"status":200}
{"ts":"2026-09-23T19:08:25-03:00","ruta":"precio_pulsador_exterior.php","metodo":"POST","duracion_ms":642.8,"memoria_mb":2,"status":200}
{"ts":"2026-09-23T19:08:28-03:00","ruta":"precio_pulsador_exterior.php","metodo":"POST","duracion_ms":600.3,"memoria_mb":2,"status":200}
{"ts":"2026-09-23T19:08:28-03:00","ruta":"precio_pulsador_exterior.php","metodo":"POST","duracion_ms":807.9,"memoria_mb":2,"status":200}
{"ts":"2026-09-23T19:08:31-03:00","ruta":"precio_pulsador_exterior.php","metodo":"POST","duracion_ms":623.6,"memoria_mb":2,"status":200}
{"ts":"2026-09-23T19:08:36-03:00","ruta":"precio_pulsador_exterior.php","metodo":"POST","duracion_ms":511.9,"memoria_mb":2,"status":200}
{"ts":"2026-09-23T19:08:41-03:00","ruta":"precio_pulsador_exterior.php","metodo":"POST","duracion_ms":566.7,"memoria_mb":2,"status":200}
{"ts":"2026-09-23T19:08:44-03:00","ruta":"precio_pulsador_exterior.php","metodo":"POST","duracion_ms":885.5,"memoria_mb":2,"status":200}
{"ts":"2026-09-23T19:08:45-03:00","ruta":"precio_pulsador_exterior.php","metodo":"POST","duracion_ms":664.2,"memoria_mb":2,"status":200}
{"ts":"2026-09-23T19:08:46-03:00","ruta":"precio_pulsador_exterior.php","metodo":"POST","duracion_ms":569.6,"memoria_mb":2,"status":200}
{"ts":"2026-09-23T19:09:02-03:00","ruta":"calcular_senalizacion.php","metodo":"POST","duracion_ms":1413.1,"memoria_mb":2,"status":200}
{"ts":"2026-09-23T19:09:14-03:00","ruta":"precio_pulsador_exterior.php","metodo":"POST","duracion_ms":964.3,"memoria_mb":2,"status":200}
{"ts":"2026-09-23T19:09:18-03:00","ruta":"calcular.php","metodo":"POST","duracion_ms":1887.5,"memoria_mb":4,"status":302}
{"ts":"2026-09-23T19:09:21-03:00","ruta":"calcular.php","metodo":"POST","duracion_ms":1884.6,"memoria_mb":4,"status":200}
{"ts":"2026-09-23T19:09:23-03:00","ruta":"ver_cotizacion.php","metodo":"GET","duracion_ms":2080,"memoria_mb":2,"status":200}
{"ts":"2026-09-23T19:09:29-03:00","ruta":"generar_pdf_cotizacion.php","metodo":"GET","duracion_ms":2453.8,"memoria_mb":2,"status":302}
{"ts":"2026-09-23T19:10:44-03:00","ruta":"index.php","metodo":"GET","duracion_ms":2636.2,"memoria_mb":2,"status":302}
{"ts":"2026-09-23T19:10:47-03:00","ruta":"index.php","metodo":"GET","duracion_ms":3568.1,"memoria_mb":2,"status":200}
{"ts":"2026-09-23T19:10:53-03:00","ruta":"index.php","metodo":"GET","duracion_ms":2550.3,"memoria_mb":2,"status":302}
{"ts":"2026-09-23T19:10:56-03:00","ruta":"index.php","metodo":"GET","duracion_ms":3667.7,"memoria_mb":6,"status":200}
{"ts":"2026-09-23T19:11:06-03:00","ruta":"index.php","metodo":"GET","duracion_ms":4066.6,"memoria_mb":4,"status":200}
{"ts":"2026-09-23T19:11:07-03:00","ruta":"get_subtipos.php","metodo":"POST","duracion_ms":778.9,"memoria_mb":2,"status":200}
{"ts":"2026-09-23T19:11:08-03:00","ruta":"get_corriente_variador.php","metodo":"POST","duracion_ms":931.5,"memoria_mb":2,"status":200}
{"ts":"2026-09-23T19:11:13-03:00","ruta":"calcular.php","metodo":"POST","duracion_ms":1874,"memoria_mb":4,"status":200}
{"ts":"2026-09-23T19:11:14-03:00","ruta":"calcular.php","metodo":"POST","duracion_ms":1635,"memoria_mb":4,"status":200}
{"ts":"2026-09-23T19:11:16-03:00","ruta":"calcular.php","metodo":"POST","duracion_ms":1612.5,"memoria_mb":4,"status":200}
{"ts":"2026-09-23T19:11:18-03:00","ruta":"get_corriente_variador.php","metodo":"POST","duracion_ms":1337.6,"memoria_mb":2,"status":200}
{"ts":"2026-09-23T19:11:20-03:00","ruta":"calcular.php","metodo":"POST","duracion_ms":2237.6,"memoria_mb":2,"status":200}
{"ts":"2026-09-23T19:11:22-03:00","ruta":"calcular.php","metodo":"POST","duracion_ms":1497.2,"memoria_mb":4,"status":200}
{"ts":"2026-09-23T19:11:23-03:00","ruta":"calcular.php","metodo":"POST","duracion_ms":1945.2,"memoria_mb":2,"status":200}
{"ts":"2026-09-23T19:11:24-03:00","ruta":"get_corriente_variador.php","metodo":"POST","duracion_ms":671,"memoria_mb":2,"status":200}
{"ts":"2026-09-23T19:11:26-03:00","ruta":"calcular.php","metodo":"POST","duracion_ms":1992.3,"memoria_mb":4,"status":200}
{"ts":"2026-09-23T19:11:36-03:00","ruta":"cliente_especificaciones_api.php","metodo":"GET","duracion_ms":605.5,"memoria_mb":2,"status":200}
{"ts":"2026-09-23T19:11:37-03:00","ruta":"get_cliente.php","metodo":"GET","duracion_ms":1031.3,"memoria_mb":2,"status":200}
{"ts":"2026-09-23T19:11:38-03:00","ruta":"calcular.php","metodo":"POST","duracion_ms":1563.6,"memoria_mb":4,"status":200}
{"ts":"2026-09-23T19:11:47-03:00","ruta":"calcular.php","metodo":"POST","duracion_ms":2069.9,"memoria_mb":4,"status":200}
{"ts":"2026-09-23T19:11:49-03:00","ruta":"calcular.php","metodo":"POST","duracion_ms":2507.1,"memoria_mb":4,"status":302}
{"ts":"2026-09-23T19:11:52-03:00","ruta":"ver_cotizacion.php","metodo":"GET","duracion_ms":1644.1,"memoria_mb":2,"status":200}
{"ts":"2026-09-23T19:11:59-03:00","ruta":"crear_pedido.php","metodo":"GET","duracion_ms":1753.3,"memoria_mb":2,"status":302}
{"ts":"2026-09-23T19:12:00-03:00","ruta":"pedido_preintegracion.php","metodo":"GET","duracion_ms":1741.2,"memoria_mb":4,"status":200}
{"ts":"2026-09-23T19:12:27-03:00","ruta":"pedido_preintegracion.php","metodo":"POST","duracion_ms":1862.4,"memoria_mb":4,"status":302}
{"ts":"2026-09-23T19:12:29-03:00","ruta":"ver_pedido.php","metodo":"GET","duracion_ms":1973.3,"memoria_mb":2,"status":200}
{"ts":"2026-09-23T19:12:34-03:00","ruta":"ordenes_fabricacion.php","metodo":"GET","duracion_ms":2485.9,"memoria_mb":4,"status":200}
{"ts":"2026-09-23T19:12:40-03:00","ruta":"generar_pdf_orden_fabricacion.php","metodo":"GET","duracion_ms":2497.3,"memoria_mb":4,"status":302}
{"ts":"2026-09-23T19:34:43-03:00","ruta":"ordenes_fabricacion.php","metodo":"GET","duracion_ms":3356.4,"memoria_mb":2,"status":200}
{"ts":"2026-09-23T19:34:49-03:00","ruta":"index.php","metodo":"GET","duracion_ms":2620.7,"memoria_mb":2,"status":302}
{"ts":"2026-09-23T19:34:54-03:00","ruta":"index.php","metodo":"GET","duracion_ms":5632.8,"memoria_mb":4,"status":200}
{"ts":"2026-09-23T19:52:24-03:00","ruta":"index.php","metodo":"GET","duracion_ms":121804,"memoria_mb":2,"status":200}
{"ts":"2026-09-23T19:56:20-03:00","ruta":"index.php","metodo":"GET","duracion_ms":8345.4,"memoria_mb":2,"status":200}
{"ts":"2026-09-23T20:31:53-03:00","ruta":"login.php","metodo":"GET","duracion_ms":507.7,"memoria_mb":2,"status":200}
{"ts":"2026-09-23T20:36:52-03:00","ruta":"index.php","metodo":"GET","duracion_ms":9833.1,"memoria_mb":6,"status":200}
{"ts":"2026-09-23T20:37:03-03:00","ruta":"pedidos.php","metodo":"GET","duracion_ms":2584.6,"memoria_mb":2,"status":200}
{"ts":"2026-09-23T20:37:21-03:00","ruta":"generar_pdf_pedido.php","metodo":"GET","duracion_ms":11870.7,"memoria_mb":2,"status":302}
{"ts":"2026-09-23T20:37:44-03:00","ruta":"cotizaciones.php","metodo":"GET","duracion_ms":2821.5,"memoria_mb":4,"status":200}
{"ts":"2026-09-23T20:37:52-03:00","ruta":"generar_pdf_cotizacion.php","metodo":"GET","duracion_ms":3291,"memoria_mb":2,"status":302}
{"ts":"2026-09-23T20:38:11-03:00","ruta":"index.php","metodo":"GET","duracion_ms":3199.4,"memoria_mb":2,"status":302}
{"ts":"2026-09-23T20:38:23-03:00","ruta":"index.php","metodo":"GET","duracion_ms":12277.4,"memoria_mb":2,"status":200}
{"ts":"2026-09-23T20:38:26-03:00","ruta":"index.php","metodo":"GET","duracion_ms":3143.7,"memoria_mb":2,"status":302}
{"ts":"2026-09-23T20:38:32-03:00","ruta":"index.php","metodo":"GET","duracion_ms":5508,"memoria_mb":6,"status":200}
{"ts":"2026-09-23T20:38:41-03:00","ruta":"cliente_especificaciones_api.php","metodo":"GET","duracion_ms":626,"memoria_mb":2,"status":200}
{"ts":"2026-09-23T20:38:41-03:00","ruta":"get_cliente.php","metodo":"GET","duracion_ms":980.9,"memoria_mb":2,"status":200}
{"ts":"2026-09-23T20:38:53-03:00","ruta":"index.php","metodo":"GET","duracion_ms":7242.4,"memoria_mb":6,"status":200}
{"ts":"2026-09-23T20:38:55-03:00","ruta":"get_subtipos.php","metodo":"POST","duracion_ms":1719.6,"memoria_mb":2,"status":200}
{"ts":"2026-09-23T20:38:55-03:00","ruta":"cliente_especificaciones_api.php","metodo":"GET","duracion_ms":704,"memoria_mb":2,"status":200}
{"ts":"2026-09-23T20:38:56-03:00","ruta":"get_cliente.php","metodo":"GET","duracion_ms":2639.7,"memoria_mb":2,"status":200}
{"ts":"2026-09-23T20:38:57-03:00","ruta":"get_cliente.php","metodo":"GET","duracion_ms":1318,"memoria_mb":2,"status":200}
{"ts":"2026-09-23T20:39:16-03:00","ruta":"calcular.php","metodo":"POST","duracion_ms":2036.5,"memoria_mb":4,"status":200}
{"ts":"2026-09-23T20:39:18-03:00","ruta":"calcular.php","metodo":"POST","duracion_ms":1865.7,"memoria_mb":4,"status":200}
{"ts":"2026-09-23T20:39:19-03:00","ruta":"get_corriente_variador.php","metodo":"POST","duracion_ms":605.3,"memoria_mb":2,"status":200}
{"ts":"2026-09-23T20:39:23-03:00","ruta":"calcular.php","metodo":"POST","duracion_ms":3047.8,"memoria_mb":4,"status":200}
{"ts":"2026-09-23T20:39:25-03:00","ruta":"calcular.php","metodo":"POST","duracion_ms":1975.2,"memoria_mb":4,"status":200}
{"ts":"2026-09-23T20:39:30-03:00","ruta":"calcular.php","metodo":"POST","duracion_ms":4797.4,"memoria_mb":2,"status":200}
{"ts":"2026-09-23T20:39:32-03:00","ruta":"calcular.php","metodo":"POST","duracion_ms":2422.7,"memoria_mb":4,"status":200}
{"ts":"2026-09-23T20:39:39-03:00","ruta":"calcular.php","metodo":"POST","duracion_ms":2593.5,"memoria_mb":4,"status":200}
{"ts":"2026-09-23T20:39:42-03:00","ruta":"calcular.php","metodo":"POST","duracion_ms":2592.4,"memoria_mb":4,"status":302}
{"ts":"2026-09-23T20:39:42-03:00","ruta":"get_corriente_variador.php","metodo":"POST","duracion_ms":511.9,"memoria_mb":2,"status":200}
{"ts":"2026-09-23T20:39:45-03:00","ruta":"ver_cotizacion.php","metodo":"GET","duracion_ms":2381.2,"memoria_mb":2,"status":200}
{"ts":"2026-09-23T20:39:52-03:00","ruta":"generar_pdf_cotizacion.php","metodo":"GET","duracion_ms":3234.9,"memoria_mb":2,"status":302}
{"ts":"2026-09-23T20:58:20-03:00","ruta":"ver_cotizacion.php","metodo":"GET","duracion_ms":4077.8,"memoria_mb":2,"status":200}
{"ts":"2026-09-23T21:48:30-03:00","ruta":"index.php","metodo":"GET","duracion_ms":5593.3,"memoria_mb":6,"status":200}
{"ts":"2026-09-23T21:48:32-03:00","ruta":"get_subtipos.php","metodo":"POST","duracion_ms":1599.3,"memoria_mb":2,"status":200}
{"ts":"2026-09-23T21:48:33-03:00","ruta":"cliente_especificaciones_api.php","metodo":"GET","duracion_ms":1181.8,"memoria_mb":2,"status":200}
{"ts":"2026-09-23T21:48:34-03:00","ruta":"get_cliente.php","metodo":"GET","duracion_ms":3099.4,"memoria_mb":2,"status":200}
{"ts":"2026-09-23T21:48:34-03:00","ruta":"get_corriente_variador.php","metodo":"POST","duracion_ms":706.2,"memoria_mb":2,"status":200}
{"ts":"2026-09-23T21:48:36-03:00","ruta":"calcular.php","metodo":"POST","duracion_ms":1720.4,"memoria_mb":2,"status":200}
{"ts":"2026-09-23T21:48:37-03:00","ruta":"cliente_especificaciones_api.php","metodo":"GET","duracion_ms":844.7,"memoria_mb":2,"status":200}
{"ts":"2026-09-23T21:48:37-03:00","ruta":"get_cliente.php","metodo":"GET","duracion_ms":3667.7,"memoria_mb":2,"status":200}
{"ts":"2026-09-23T21:48:45-03:00","ruta":"calcular.php","metodo":"POST","duracion_ms":2494.9,"memoria_mb":4,"status":200}
{"ts":"2026-09-23T21:48:49-03:00","ruta":"index.php","metodo":"GET","duracion_ms":3434.3,"memoria_mb":2,"status":302}
{"ts":"2026-09-23T21:48:54-03:00","ruta":"index.php","metodo":"GET","duracion_ms":4459.6,"memoria_mb":6,"status":200}
{"ts":"2026-09-23T21:49:05-03:00","ruta":"index.php","metodo":"GET","duracion_ms":5342.9,"memoria_mb":4,"status":200}
{"ts":"2026-09-23T21:49:06-03:00","ruta":"get_subtipos.php","metodo":"POST","duracion_ms":1023.5,"memoria_mb":2,"status":200}
{"ts":"2026-09-23T21:49:07-03:00","ruta":"get_corriente_variador.php","metodo":"POST","duracion_ms":904.2,"memoria_mb":2,"status":200}
{"ts":"2026-09-23T21:49:11-03:00","ruta":"calcular.php","metodo":"POST","duracion_ms":2017.9,"memoria_mb":4,"status":200}
{"ts":"2026-09-23T21:49:13-03:00","ruta":"calcular.php","metodo":"POST","duracion_ms":1821.5,"memoria_mb":4,"status":200}
{"ts":"2026-09-23T21:49:15-03:00","ruta":"calcular.php","metodo":"POST","duracion_ms":1611.7,"memoria_mb":4,"status":200}
{"ts":"2026-09-23T21:49:22-03:00","ruta":"calcular.php","metodo":"POST","duracion_ms":1687.5,"memoria_mb":4,"status":422}
{"ts":"2026-09-23T21:49:23-03:00","ruta":"calcular.php","metodo":"POST","duracion_ms":1677.4,"memoria_mb":4,"status":422}
{"ts":"2026-09-23T21:49:25-03:00","ruta":"calcular.php","metodo":"POST","duracion_ms":1494.1,"memoria_mb":4,"status":422}
{"ts":"2026-09-23T21:49:31-03:00","ruta":"calcular.php","metodo":"POST","duracion_ms":2084.9,"memoria_mb":4,"status":200}
{"ts":"2026-09-23T21:49:33-03:00","ruta":"calcular.php","metodo":"POST","duracion_ms":1678,"memoria_mb":4,"status":200}
{"ts":"2026-09-23T21:49:34-03:00","ruta":"calcular.php","metodo":"POST","duracion_ms":1517.3,"memoria_mb":4,"status":200}
{"ts":"2026-09-23T21:49:40-03:00","ruta":"calcular.php","metodo":"POST","duracion_ms":2915.7,"memoria_mb":4,"status":200}
{"ts":"2026-09-23T21:49:41-03:00","ruta":"calcular.php","metodo":"POST","duracion_ms":1881.4,"memoria_mb":4,"status":200}
{"ts":"2026-09-23T21:49:43-03:00","ruta":"calcular.php","metodo":"POST","duracion_ms":1602.4,"memoria_mb":4,"status":200}
{"ts":"2026-09-23T21:49:54-03:00","ruta":"get_cliente.php","metodo":"GET","duracion_ms":537.6,"memoria_mb":2,"status":200}
{"ts":"2026-09-23T21:49:54-03:00","ruta":"cliente_especificaciones_api.php","metodo":"GET","duracion_ms":694.8,"memoria_mb":2,"status":200}
{"ts":"2026-09-23T21:49:56-03:00","ruta":"calcular.php","metodo":"POST","duracion_ms":1739.9,"memoria_mb":4,"status":200}
{"ts":"2026-09-23T21:50:03-03:00","ruta":"calcular.php","metodo":"POST","duracion_ms":2515.2,"memoria_mb":4,"status":200}
{"ts":"2026-09-23T21:50:05-03:00","ruta":"calcular.php","metodo":"POST","duracion_ms":2816.3,"memoria_mb":4,"status":302}
{"ts":"2026-09-23T21:50:08-03:00","ruta":"ver_cotizacion.php","metodo":"GET","duracion_ms":2113.9,"memoria_mb":2,"status":200}
{"ts":"2026-09-23T21:50:14-03:00","ruta":"generar_pdf_cotizacion.php","metodo":"GET","duracion_ms":2713.3,"memoria_mb":2,"status":302}
{"ts":"2026-09-23T21:50:23-03:00","ruta":"crear_pedido.php","metodo":"GET","duracion_ms":1914.4,"memoria_mb":2,"status":302}
{"ts":"2026-09-23T21:50:25-03:00","ruta":"pedido_preintegracion.php","metodo":"GET","duracion_ms":2016.8,"memoria_mb":4,"status":200}
{"ts":"2026-09-23T21:52:56-03:00","ruta":"pedido_preintegracion.php","metodo":"POST","duracion_ms":2470.2,"memoria_mb":4,"status":302}
{"ts":"2026-09-23T21:52:58-03:00","ruta":"ver_pedido.php","metodo":"GET","duracion_ms":2040,"memoria_mb":2,"status":200}
{"ts":"2026-09-23T21:53:03-03:00","ruta":"generar_pdf_pedido.php","metodo":"GET","duracion_ms":3030.5,"memoria_mb":2,"status":302}
{"ts":"2026-09-24T19:55:40-03:00","ruta":"index.php","metodo":"GET","duracion_ms":884.5,"memoria_mb":2,"status":302}
{"ts":"2026-09-24T19:55:44-03:00","ruta":"login.php","metodo":"POST","duracion_ms":582.5,"memoria_mb":2,"status":302}
{"ts":"2026-09-24T19:55:50-03:00","ruta":"index.php","metodo":"GET","duracion_ms":6748.2,"memoria_mb":6,"status":200}
{"ts":"2026-09-24T19:55:59-03:00","ruta":"cliente_especificaciones_api.php","metodo":"GET","duracion_ms":585.8,"memoria_mb":2,"status":200}
{"ts":"2026-09-24T19:56:00-03:00","ruta":"get_cliente.php","metodo":"GET","duracion_ms":1264.9,"memoria_mb":2,"status":200}
{"ts":"2026-09-24T19:56:08-03:00","ruta":"index.php","metodo":"GET","duracion_ms":4330.9,"memoria_mb":6,"status":200}
{"ts":"2026-09-24T19:56:10-03:00","ruta":"get_subtipos.php","metodo":"POST","duracion_ms":1624.1,"memoria_mb":2,"status":200}
{"ts":"2026-09-24T19:56:11-03:00","ruta":"cliente_especificaciones_api.php","metodo":"GET","duracion_ms":768.1,"memoria_mb":2,"status":200}
{"ts":"2026-09-24T19:56:12-03:00","ruta":"get_cliente.php","metodo":"GET","duracion_ms":2796.1,"memoria_mb":2,"status":200}
{"ts":"2026-09-24T19:56:13-03:00","ruta":"cliente_especificaciones_api.php","metodo":"GET","duracion_ms":626.7,"memoria_mb":2,"status":200}
{"ts":"2026-09-24T19:56:13-03:00","ruta":"get_cliente.php","metodo":"GET","duracion_ms":1529.8,"memoria_mb":2,"status":200}
{"ts":"2026-09-24T19:56:17-03:00","ruta":"calcular.php","metodo":"POST","duracion_ms":2213.4,"memoria_mb":4,"status":200}
{"ts":"2026-09-24T19:56:23-03:00","ruta":"calcular.php","metodo":"POST","duracion_ms":5417.6,"memoria_mb":4,"status":200}
{"ts":"2026-09-24T19:56:24-03:00","ruta":"calcular.php","metodo":"POST","duracion_ms":1706.7,"memoria_mb":4,"status":200}
{"ts":"2026-09-24T19:56:27-03:00","ruta":"calcular.php","metodo":"POST","duracion_ms":1856.7,"memoria_mb":4,"status":200}
{"ts":"2026-09-24T19:56:29-03:00","ruta":"calcular.php","metodo":"POST","duracion_ms":1833,"memoria_mb":4,"status":200}
{"ts":"2026-09-24T19:56:31-03:00","ruta":"calcular.php","metodo":"POST","duracion_ms":2448.4,"memoria_mb":4,"status":200}
{"ts":"2026-09-24T19:56:32-03:00","ruta":"get_corriente_variador.php","metodo":"POST","duracion_ms":1056.6,"memoria_mb":2,"status":200}
{"ts":"2026-09-24T19:56:34-03:00","ruta":"calcular.php","metodo":"POST","duracion_ms":1760.2,"memoria_mb":4,"status":200}
{"ts":"2026-09-24T19:56:36-03:00","ruta":"calcular.php","metodo":"POST","duracion_ms":1659.5,"memoria_mb":4,"status":200}
{"ts":"2026-09-24T19:56:38-03:00","ruta":"calcular.php","metodo":"POST","duracion_ms":1922.5,"memoria_mb":4,"status":200}
{"ts":"2026-09-24T19:56:39-03:00","ruta":"calcular.php","metodo":"POST","duracion_ms":1730.2,"memoria_mb":4,"status":200}
{"ts":"2026-09-24T19:56:41-03:00","ruta":"calcular.php","metodo":"POST","duracion_ms":1416,"memoria_mb":4,"status":200}
{"ts":"2026-09-24T19:56:42-03:00","ruta":"calcular.php","metodo":"POST","duracion_ms":1542.1,"memoria_mb":4,"status":200}
{"ts":"2026-09-24T19:57:01-03:00","ruta":"get_subtipos.php","metodo":"POST","duracion_ms":702.9,"memoria_mb":2,"status":200}
{"ts":"2026-09-24T19:57:03-03:00","ruta":"calcular.php","metodo":"POST","duracion_ms":1463.6,"memoria_mb":4,"status":200}
{"ts":"2026-09-24T19:57:04-03:00","ruta":"calcular.php","metodo":"POST","duracion_ms":1427.3,"memoria_mb":4,"status":200}
{"ts":"2026-09-24T19:57:12-03:00","ruta":"calcular.php","metodo":"POST","duracion_ms":1835.5,"memoria_mb":4,"status":200}
{"ts":"2026-09-24T19:57:39-03:00","ruta":"calcular.php","metodo":"POST","duracion_ms":2662.2,"memoria_mb":4,"status":200}
{"ts":"2026-09-24T19:57:40-03:00","ruta":"get_corriente_variador.php","metodo":"POST","duracion_ms":965.7,"memoria_mb":2,"status":200}
{"ts":"2026-09-24T19:57:43-03:00","ruta":"calcular.php","metodo":"POST","duracion_ms":2679.7,"memoria_mb":4,"status":200}
{"ts":"2026-09-24T19:57:53-03:00","ruta":"precio_pulsador_exterior.php","metodo":"POST","duracion_ms":648.1,"memoria_mb":2,"status":200}
{"ts":"2026-09-24T19:57:56-03:00","ruta":"precio_pulsador_exterior.php","metodo":"POST","duracion_ms":501.5,"memoria_mb":2,"status":200}
{"ts":"2026-09-24T19:57:56-03:00","ruta":"precio_pulsador_exterior.php","metodo":"POST","duracion_ms":544.1,"memoria_mb":2,"status":200}
{"ts":"2026-09-24T19:57:57-03:00","ruta":"precio_pulsador_exterior.php","metodo":"POST","duracion_ms":653.4,"memoria_mb":2,"status":200}
{"ts":"2026-09-24T19:58:00-03:00","ruta":"calcular_senalizacion.php","metodo":"POST","duracion_ms":1989.4,"memoria_mb":2,"status":200}
{"ts":"2026-09-24T19:58:04-03:00","ruta":"calcular_senalizacion.php","metodo":"POST","duracion_ms":1472.5,"memoria_mb":2,"status":200}
{"ts":"2026-09-24T20:09:13-03:00","ruta":"cotizaciones.php","metodo":"GET","duracion_ms":2477.9,"memoria_mb":4,"status":200}
{"ts":"2026-09-24T20:09:22-03:00","ruta":"generar_pdf_cotizacion.php","metodo":"GET","duracion_ms":2972.8,"memoria_mb":2,"status":302}
{"ts":"2026-09-24T20:14:29-03:00","ruta":"index.php","metodo":"GET","duracion_ms":3145.1,"memoria_mb":2,"status":302}
{"ts":"2026-09-24T20:14:34-03:00","ruta":"index.php","metodo":"GET","duracion_ms":4749.2,"memoria_mb":6,"status":200}
{"ts":"2026-09-24T20:14:40-03:00","ruta":"index.php","metodo":"GET","duracion_ms":2535.5,"memoria_mb":2,"status":302}
{"ts":"2026-09-24T20:14:43-03:00","ruta":"index.php","metodo":"GET","duracion_ms":3528.5,"memoria_mb":6,"status":200}
{"ts":"2026-09-24T20:14:53-03:00","ruta":"index.php","metodo":"GET","duracion_ms":3979.6,"memoria_mb":4,"status":200}
{"ts":"2026-09-24T20:14:54-03:00","ruta":"get_subtipos.php","metodo":"POST","duracion_ms":915.2,"memoria_mb":2,"status":200}
{"ts":"2026-09-24T20:14:55-03:00","ruta":"get_corriente_variador.php","metodo":"POST","duracion_ms":1050.8,"memoria_mb":2,"status":200}
{"ts":"2026-09-24T20:15:08-03:00","ruta":"index.php","metodo":"GET","duracion_ms":3676.5,"memoria_mb":6,"status":200}
{"ts":"2026-09-24T20:15:10-03:00","ruta":"get_subtipos.php","metodo":"POST","duracion_ms":1466.7,"memoria_mb":2,"status":200}
{"ts":"2026-09-24T20:15:15-03:00","ruta":"index.php","metodo":"GET","duracion_ms":2386.7,"memoria_mb":2,"status":302}
{"ts":"2026-09-24T20:15:19-03:00","ruta":"index.php","metodo":"GET","duracion_ms":3506.2,"memoria_mb":6,"status":200}
{"ts":"2026-09-24T20:15:42-03:00","ruta":"index.php","metodo":"GET","duracion_ms":3905,"memoria_mb":4,"status":200}
{"ts":"2026-09-24T20:15:44-03:00","ruta":"get_subtipos.php","metodo":"POST","duracion_ms":1481.6,"memoria_mb":2,"status":200}
{"ts":"2026-09-24T20:15:45-03:00","ruta":"get_corriente_variador.php","metodo":"POST","duracion_ms":527.8,"memoria_mb":2,"status":200}
{"ts":"2026-09-24T20:15:51-03:00","ruta":"index.php","metodo":"GET","duracion_ms":3791.2,"memoria_mb":6,"status":200}
{"ts":"2026-09-24T20:15:53-03:00","ruta":"get_subtipos.php","metodo":"POST","duracion_ms":1376.6,"memoria_mb":2,"status":200}
{"ts":"2026-09-24T20:18:13-03:00","ruta":"precio_pulsador_exterior.php","metodo":"POST","duracion_ms":1805.5,"memoria_mb":2,"status":200}
{"ts":"2026-09-24T20:18:13-03:00","ruta":"precio_pulsador_exterior.php","metodo":"POST","duracion_ms":608.4,"memoria_mb":2,"status":200}
{"ts":"2026-09-24T20:18:16-03:00","ruta":"precio_pulsador_exterior.php","metodo":"POST","duracion_ms":1351,"memoria_mb":2,"status":200}
{"ts":"2026-09-24T20:18:17-03:00","ruta":"precio_pulsador_exterior.php","metodo":"POST","duracion_ms":1797.6,"memoria_mb":2,"status":200}
{"ts":"2026-09-24T20:18:19-03:00","ruta":"precio_pulsador_exterior.php","metodo":"POST","duracion_ms":1477.2,"memoria_mb":2,"status":200}
{"ts":"2026-09-24T20:18:20-03:00","ruta":"precio_pulsador_exterior.php","metodo":"POST","duracion_ms":632,"memoria_mb":2,"status":200}
{"ts":"2026-09-24T20:18:20-03:00","ruta":"precio_pulsador_exterior.php","metodo":"POST","duracion_ms":730.9,"memoria_mb":2,"status":200}
{"ts":"2026-09-24T20:18:21-03:00","ruta":"precio_pulsador_exterior.php","metodo":"POST","duracion_ms":1031.9,"memoria_mb":2,"status":200}
{"ts":"2026-09-24T20:18:32-03:00","ruta":"precio_pulsador_exterior.php","metodo":"POST","duracion_ms":10440.7,"memoria_mb":2,"status":200}
{"ts":"2026-09-24T20:18:35-03:00","ruta":"precio_pulsador_exterior.php","metodo":"POST","duracion_ms":2576.2,"memoria_mb":2,"status":200}
{"ts":"2026-09-24T20:19:01-03:00","ruta":"index.php","metodo":"GET","duracion_ms":25894.1,"memoria_mb":2,"status":302}
{"ts":"2026-09-24T20:19:01-03:00","ruta":"precio_pulsador_exterior.php","metodo":"POST","duracion_ms":659.8,"memoria_mb":2,"status":200}
{"ts":"2026-09-24T20:19:02-03:00","ruta":"precio_pulsador_exterior.php","metodo":"POST","duracion_ms":853.9,"memoria_mb":2,"status":200}
{"ts":"2026-09-24T20:24:07-03:00","ruta":"index.php","metodo":"GET","duracion_ms":3739.2,"memoria_mb":6,"status":200}
{"ts":"2026-09-24T20:24:55-03:00","ruta":"index.php","metodo":"GET","duracion_ms":3768.3,"memoria_mb":4,"status":200}
{"ts":"2026-09-24T20:24:56-03:00","ruta":"get_subtipos.php","metodo":"POST","duracion_ms":823.5,"memoria_mb":2,"status":200}
{"ts":"2026-09-24T20:24:57-03:00","ruta":"get_corriente_variador.php","metodo":"POST","duracion_ms":1004.1,"memoria_mb":2,"status":200}
{"ts":"2026-09-24T20:25:02-03:00","ruta":"index.php","metodo":"GET","duracion_ms":4007,"memoria_mb":6,"status":200}
{"ts":"2026-09-24T20:25:03-03:00","ruta":"get_subtipos.php","metodo":"POST","duracion_ms":1180.8,"memoria_mb":2,"status":200}
{"ts":"2026-09-24T20:25:04-03:00","ruta":"get_corriente_variador.php","metodo":"POST","duracion_ms":876.9,"memoria_mb":2,"status":200}
{"ts":"2026-09-24T20:25:08-03:00","ruta":"index.php","metodo":"GET","duracion_ms":3831.2,"memoria_mb":6,"status":200}
{"ts":"2026-09-24T20:25:09-03:00","ruta":"repuestos_integracion.php","metodo":"GET","duracion_ms":813.7,"memoria_mb":4,"status":200}
{"ts":"2026-09-24T20:25:10-03:00","ruta":"get_subtipos.php","metodo":"POST","duracion_ms":1623,"memoria_mb":2,"status":200}
{"ts":"2026-09-24T20:25:11-03:00","ruta":"get_corriente_variador.php","metodo":"POST","duracion_ms":729.9,"memoria_mb":2,"status":200}
{"ts":"2026-09-24T20:25:18-03:00","ruta":"index.php","metodo":"GET","duracion_ms":3877.6,"memoria_mb":6,"status":200}
{"ts":"2026-09-24T21:49:20-03:00","ruta":"index.php","metodo":"GET","duracion_ms":31886.9,"memoria_mb":6,"status":200}
{"ts":"2026-09-27T13:34:23-03:00","ruta":"index.php","metodo":"GET","duracion_ms":772.4,"memoria_mb":6,"status":200}
{"ts":"2026-09-27T14:19:52-03:00","ruta":"index.php","metodo":"GET","duracion_ms":1321.4,"memoria_mb":6,"status":200}
{"ts":"2026-09-27T14:19:53-03:00","ruta":"get_subtipos.php","metodo":"POST","duracion_ms":508,"memoria_mb":4,"status":200}
{"ts":"2026-09-27T14:19:53-03:00","ruta":"get_cliente.php","metodo":"GET","duracion_ms":697.2,"memoria_mb":16,"status":200}
{"ts":"2026-09-27T14:19:58-03:00","ruta":"calcular.php","metodo":"POST","duracion_ms":665.3,"memoria_mb":4,"status":200}
{"ts":"2026-09-27T14:19:59-03:00","ruta":"calcular.php","metodo":"POST","duracion_ms":1163.5,"memoria_mb":4,"status":200}
{"ts":"2026-09-27T14:20:00-03:00","ruta":"calcular.php","metodo":"POST","duracion_ms":933.2,"memoria_mb":4,"status":200}
{"ts":"2026-09-27T14:20:01-03:00","ruta":"calcular.php","metodo":"POST","duracion_ms":509,"memoria_mb":4,"status":200}
{"ts":"2026-09-27T14:20:02-03:00","ruta":"calcular.php","metodo":"POST","duracion_ms":815.5,"memoria_mb":4,"status":200}
{"ts":"2026-09-27T14:20:03-03:00","ruta":"calcular.php","metodo":"POST","duracion_ms":961.6,"memoria_mb":4,"status":200}
{"ts":"2026-09-27T17:50:53-03:00","ruta":"calcular.php","metodo":"POST","duracion_ms":800.3,"memoria_mb":4,"status":422}
{"ts":"2026-09-27T17:50:54-03:00","ruta":"calcular.php","metodo":"POST","duracion_ms":627.9,"memoria_mb":4,"status":422}
{"ts":"2026-09-27T17:54:38-03:00","ruta":"generar_pdf_cotizacion.php","metodo":"GET","duracion_ms":675.7,"memoria_mb":2,"status":302}
{"ts":"2026-09-27T17:59:14-03:00","ruta":"index.php","metodo":"GET","duracion_ms":745.5,"memoria_mb":6,"status":200}
{"ts":"2026-09-27T18:45:42-03:00","ruta":"index.php","metodo":"GET","duracion_ms":1408.1,"memoria_mb":6,"status":200}
{"ts":"2026-09-27T19:01:56-03:00","ruta":"generar_pdf_cotizacion.php","metodo":"GET","duracion_ms":533.7,"memoria_mb":2,"status":302}
{"ts":"2026-09-27T19:02:13-03:00","ruta":"index.php","metodo":"GET","duracion_ms":672,"memoria_mb":6,"status":200}
{"ts":"2026-09-27T19:02:18-03:00","ruta":"index.php","metodo":"GET","duracion_ms":656,"memoria_mb":6,"status":200}
{"ts":"2026-09-27T19:02:25-03:00","ruta":"calcular.php","metodo":"POST","duracion_ms":697.6,"memoria_mb":4,"status":200}
{"ts":"2026-09-27T19:02:37-03:00","ruta":"calcular.php","metodo":"POST","duracion_ms":983,"memoria_mb":4,"status":200}
{"ts":"2026-09-27T19:03:54-03:00","ruta":"index.php","metodo":"GET","duracion_ms":671.1,"memoria_mb":6,"status":200}
{"ts":"2026-09-27T19:03:58-03:00","ruta":"get_cliente.php","metodo":"GET","duracion_ms":521.9,"memoria_mb":2,"status":200}
{"ts":"2026-09-27T19:04:20-03:00","ruta":"generar_pdf_cotizacion.php","metodo":"GET","duracion_ms":891.4,"memoria_mb":2,"status":302}
{"ts":"2026-09-27T19:06:03-03:00","ruta":"index.php","metodo":"GET","duracion_ms":785.1,"memoria_mb":6,"status":200}
{"ts":"2026-09-27T19:06:10-03:00","ruta":"get_cliente.php","metodo":"GET","duracion_ms":659.8,"memoria_mb":2,"status":200}
{"ts":"2026-09-27T19:30:35-03:00","ruta":"index.php","metodo":"GET","duracion_ms":1021.5,"memoria_mb":6,"status":200}
{"ts":"2026-09-27T19:30:35-03:00","ruta":"get_subtipos.php","metodo":"POST","duracion_ms":587.3,"memoria_mb":2,"status":200}
{"ts":"2026-09-27T19:30:36-03:00","ruta":"get_cliente.php","metodo":"GET","duracion_ms":681.2,"memoria_mb":2,"status":200}
{"ts":"2026-09-27T19:30:41-03:00","ruta":"precio_pulsador_exterior.php","metodo":"POST","duracion_ms":657.9,"memoria_mb":2,"status":200}
{"ts":"2026-09-27T19:30:43-03:00","ruta":"calcular_senalizacion.php","metodo":"POST","duracion_ms":683.9,"memoria_mb":2,"status":200}
{"ts":"2026-09-27T19:30:45-03:00","ruta":"precio_pulsador_exterior.php","metodo":"POST","duracion_ms":786.3,"memoria_mb":2,"status":200}
{"ts":"2026-09-27T19:30:47-03:00","ruta":"get_cliente.php","metodo":"GET","duracion_ms":1034.6,"memoria_mb":2,"status":200}
{"ts":"2026-09-27T19:30:51-03:00","ruta":"calcular.php","metodo":"POST","duracion_ms":1101.7,"memoria_mb":4,"status":200}
{"ts":"2026-09-27T19:31:04-03:00","ruta":"calcular.php","metodo":"POST","duracion_ms":510.9,"memoria_mb":4,"status":200}
{"ts":"2026-09-27T19:31:07-03:00","ruta":"calcular.php","metodo":"POST","duracion_ms":631.2,"memoria_mb":6,"status":302}
{"ts":"2026-09-27T19:31:08-03:00","ruta":"ver_cotizacion.php","metodo":"GET","duracion_ms":1151.5,"memoria_mb":4,"status":200}
{"ts":"2026-09-27T19:31:11-03:00","ruta":"generar_pdf_cotizacion.php","metodo":"GET","duracion_ms":763,"memoria_mb":2,"status":302}
{"ts":"2026-09-27T20:54:32-03:00","ruta":"index.php","metodo":"GET","duracion_ms":1609.4,"memoria_mb":6,"status":200}
{"ts":"2026-09-27T20:54:59-03:00","ruta":"index.php","metodo":"GET","duracion_ms":1108.6,"memoria_mb":6,"status":200}
{"ts":"2026-09-27T20:56:10-03:00","ruta":"index.php","metodo":"GET","duracion_ms":1249.2,"memoria_mb":6,"status":200}
{"ts":"2026-09-27T20:57:52-03:00","ruta":"index.php","metodo":"GET","duracion_ms":773.8,"memoria_mb":6,"status":200}
{"ts":"2026-09-27T21:29:21-03:00","ruta":"index.php","metodo":"GET","duracion_ms":836.8,"memoria_mb":6,"status":200}
{"ts":"2026-09-27T21:29:48-03:00","ruta":"index.php","metodo":"GET","duracion_ms":567.9,"memoria_mb":6,"status":200}
{"ts":"2026-09-27T21:39:17-03:00","ruta":"calcular.php","metodo":"POST","duracion_ms":818.6,"memoria_mb":6,"status":302}
{"ts":"2026-09-27T21:39:19-03:00","ruta":"calcular.php","metodo":"POST","duracion_ms":888.9,"memoria_mb":6,"status":200}
{"ts":"2026-09-27T21:39:19-03:00","ruta":"ver_cotizacion.php","metodo":"GET","duracion_ms":559.6,"memoria_mb":4,"status":200}
{"ts":"2026-09-27T21:39:22-03:00","ruta":"generar_pdf_cotizacion.php","metodo":"GET","duracion_ms":547.3,"memoria_mb":2,"status":302}
{"ts":"2026-09-27T21:39:57-03:00","ruta":"index.php","metodo":"GET","duracion_ms":774.6,"memoria_mb":6,"status":200}
{"ts":"2026-09-27T21:40:00-03:00","ruta":"precio_pulsador_exterior.php","metodo":"POST","duracion_ms":684.8,"memoria_mb":2,"status":200}
{"ts":"2026-09-27T21:40:03-03:00","ruta":"precio_pulsador_exterior.php","metodo":"POST","duracion_ms":818.8,"memoria_mb":2,"status":200}
{"ts":"2026-09-27T21:40:03-03:00","ruta":"precio_pulsador_exterior.php","metodo":"POST","duracion_ms":522.5,"memoria_mb":2,"status":200}
{"ts":"2026-09-27T21:40:05-03:00","ruta":"precio_pulsador_exterior.php","metodo":"POST","duracion_ms":840.5,"memoria_mb":2,"status":200}
{"ts":"2026-09-27T21:40:06-03:00","ruta":"cliente_especificaciones_api.php","metodo":"GET","duracion_ms":750.1,"memoria_mb":2,"status":200}
{"ts":"2026-09-27T21:40:07-03:00","ruta":"precio_pulsador_exterior.php","metodo":"POST","duracion_ms":636,"memoria_mb":2,"status":200}
{"ts":"2026-09-27T21:40:09-03:00","ruta":"precio_pulsador_exterior.php","metodo":"POST","duracion_ms":874,"memoria_mb":2,"status":200}
{"ts":"2026-09-27T21:40:10-03:00","ruta":"precio_pulsador_exterior.php","metodo":"POST","duracion_ms":659.6,"memoria_mb":2,"status":200}
{"ts":"2026-09-27T21:40:11-03:00","ruta":"get_cliente.php","metodo":"GET","duracion_ms":1273,"memoria_mb":2,"status":200}
{"ts":"2026-09-27T21:40:11-03:00","ruta":"precio_pulsador_exterior.php","metodo":"POST","duracion_ms":518.2,"memoria_mb":2,"status":200}
{"ts":"2026-09-27T21:40:13-03:00","ruta":"precio_pulsador_exterior.php","metodo":"POST","duracion_ms":705.6,"memoria_mb":2,"status":200}
{"ts":"2026-09-27T21:40:14-03:00","ruta":"precio_pulsador_exterior.php","metodo":"POST","duracion_ms":710.6,"memoria_mb":2,"status":200}
{"ts":"2026-09-27T21:40:14-03:00","ruta":"calcular.php","metodo":"POST","duracion_ms":719.5,"memoria_mb":4,"status":200}
{"ts":"2026-09-27T21:40:16-03:00","ruta":"precio_pulsador_exterior.php","metodo":"POST","duracion_ms":826.7,"memoria_mb":2,"status":200}
{"ts":"2026-09-27T21:40:17-03:00","ruta":"precio_pulsador_exterior.php","metodo":"POST","duracion_ms":760.2,"memoria_mb":2,"status":200}
{"ts":"2026-09-27T21:40:19-03:00","ruta":"precio_pulsador_exterior.php","metodo":"POST","duracion_ms":813.2,"memoria_mb":2,"status":200}
{"ts":"2026-09-27T21:42:02-03:00","ruta":"index.php","metodo":"GET","duracion_ms":645.8,"memoria_mb":6,"status":200}
{"ts":"2026-09-28T21:05:02-03:00","ruta":"login.php","metodo":"POST","duracion_ms":527,"memoria_mb":2,"status":302}
{"ts":"2026-09-28T21:05:04-03:00","ruta":"index.php","metodo":"GET","duracion_ms":1987.7,"memoria_mb":6,"status":200}
{"ts":"2026-09-28T21:06:54-03:00","ruta":"calcular.php","metodo":"POST","duracion_ms":562.3,"memoria_mb":4,"status":200}
{"ts":"2026-09-28T21:07:48-03:00","ruta":"calcular.php","metodo":"POST","duracion_ms":650.1,"memoria_mb":4,"status":200}
{"ts":"2026-09-28T21:07:54-03:00","ruta":"calcular.php","metodo":"POST","duracion_ms":1616.8,"memoria_mb":4,"status":200}
{"ts":"2026-09-28T21:08:03-03:00","ruta":"get_corriente_variador.php","metodo":"POST","duracion_ms":1119.9,"memoria_mb":2,"status":200}
{"ts":"2026-09-28T21:11:10-03:00","ruta":"index.php","metodo":"GET","duracion_ms":715.1,"memoria_mb":6,"status":200}
{"ts":"2026-09-28T21:11:17-03:00","ruta":"get_cliente.php","metodo":"GET","duracion_ms":799.9,"memoria_mb":2,"status":200}
{"ts":"2026-09-28T21:12:12-03:00","ruta":"index.php","metodo":"GET","duracion_ms":629.1,"memoria_mb":6,"status":200}
{"ts":"2026-09-28T21:12:23-03:00","ruta":"index.php","metodo":"GET","duracion_ms":637.7,"memoria_mb":6,"status":200}
{"ts":"2026-09-28T21:12:32-03:00","ruta":"calcular.php","metodo":"POST","duracion_ms":526.2,"memoria_mb":4,"status":200}
{"ts":"2026-09-28T21:20:32-03:00","ruta":"index.php","metodo":"GET","duracion_ms":713.8,"memoria_mb":6,"status":200}
{"ts":"2026-09-28T21:22:48-03:00","ruta":"get_corriente_variador.php","metodo":"POST","duracion_ms":567.8,"memoria_mb":2,"status":200}
{"ts":"2026-09-29T19:40:14-03:00","ruta":"index.php","metodo":"GET","duracion_ms":1490.1,"memoria_mb":6,"status":200}
{"ts":"2026-09-29T19:41:47-03:00","ruta":"actualizar_precios.php","metodo":"POST","duracion_ms":5621.7,"memoria_mb":8,"status":200}
{"ts":"2026-09-29T19:42:25-03:00","ruta":"actualizar_precios.php","metodo":"POST","duracion_ms":11709.6,"memoria_mb":10,"status":200}
{"ts":"2026-09-29T19:42:48-03:00","ruta":"index.php","metodo":"GET","duracion_ms":1980.6,"memoria_mb":6,"status":200}
{"ts":"2026-09-29T19:42:49-03:00","ruta":"repuestos_integracion.php","metodo":"GET","duracion_ms":554.9,"memoria_mb":4,"status":200}
{"ts":"2026-09-29T19:46:59-03:00","ruta":"index.php","metodo":"GET","duracion_ms":1454.8,"memoria_mb":6,"status":200}
{"ts":"2026-09-29T19:47:41-03:00","ruta":"index.php","metodo":"GET","duracion_ms":670.8,"memoria_mb":6,"status":200}
{"ts":"2026-09-29T19:50:53-03:00","ruta":"buscar_repuestos.php","metodo":"GET","duracion_ms":2141.2,"memoria_mb":4,"status":200}
{"ts":"2026-09-29T19:52:43-03:00","ruta":"guardar_modular_sin_control.php","metodo":"POST","duracion_ms":595.7,"memoria_mb":4,"status":302}
{"ts":"2026-09-29T19:52:59-03:00","ruta":"generar_pdf_cotizacion.php","metodo":"GET","duracion_ms":555,"memoria_mb":4,"status":302}
{"ts":"2026-09-29T20:06:33-03:00","ruta":"generar_pdf_cotizacion.php","metodo":"GET","duracion_ms":517.4,"memoria_mb":2,"status":302}
{"ts":"2026-09-29T21:00:03-03:00","ruta":"index.php","metodo":"GET","duracion_ms":652,"memoria_mb":6,"status":200}
{"ts":"2026-09-29T21:05:44-03:00","ruta":"calcular.php","metodo":"POST","duracion_ms":610.1,"memoria_mb":4,"status":200}
{"ts":"2026-09-29T21:39:41-03:00","ruta":"comercial.php","metodo":"GET","duracion_ms":569.2,"memoria_mb":4,"status":200}
{"ts":"2026-09-29T21:39:45-03:00","ruta":"comercial.php","metodo":"GET","duracion_ms":526.3,"memoria_mb":4,"status":200}
{"ts":"2026-09-29T21:39:48-03:00","ruta":"comercial.php","metodo":"GET","duracion_ms":510.5,"memoria_mb":4,"status":200}
{"ts":"2026-09-29T21:39:58-03:00","ruta":"comercial.php","metodo":"GET","duracion_ms":502.7,"memoria_mb":4,"status":200}
{"ts":"2026-09-29T21:41:34-03:00","ruta":"index.php","metodo":"GET","duracion_ms":659.7,"memoria_mb":6,"status":200}
{"ts":"2026-10-01T20:01:51-03:00","ruta":"index.php","metodo":"GET","duracion_ms":1430.1,"memoria_mb":6,"status":200}
{"ts":"2026-10-01T20:04:53-03:00","ruta":"mantenimiento_senalizacion.php","metodo":"GET","duracion_ms":575.2,"memoria_mb":6,"status":200}
{"ts":"2026-10-02T19:17:08-03:00","ruta":"index.php","metodo":"GET","duracion_ms":889.1,"memoria_mb":6,"status":200}
{"ts":"2026-10-02T19:17:18-03:00","ruta":"index.php","metodo":"GET","duracion_ms":639.3,"memoria_mb":6,"status":200}
{"ts":"2026-10-02T19:29:37-03:00","ruta":"index.php","metodo":"GET","duracion_ms":640.4,"memoria_mb":6,"status":200}
{"ts":"2026-10-02T20:04:34-03:00","ruta":"index.php","metodo":"GET","duracion_ms":609.8,"memoria_mb":6,"status":200}
{"ts":"2026-10-02T20:04:40-03:00","ruta":"index.php","metodo":"GET","duracion_ms":580.8,"memoria_mb":6,"status":200}
{"ts":"2026-10-02T20:04:48-03:00","ruta":"calcular.php","metodo":"POST","duracion_ms":529.7,"memoria_mb":4,"status":200}
{"ts":"2026-10-05T19:34:05-03:00","ruta":"index.php","metodo":"GET","duracion_ms":1285.6,"memoria_mb":6,"status":200}
{"ts":"2026-10-08T20:10:00-03:00","ruta":"cotizador_recuperado","metodo":"GET","duracion_ms":930.7,"memoria_mb":16,"status":200}
{"ts":"2026-10-08T20:10:12-03:00","ruta":"index.php","metodo":"GET","duracion_ms":715.6,"memoria_mb":6,"status":200}
{"ts":"2026-10-08T20:10:22-03:00","ruta":"index.php","metodo":"GET","duracion_ms":671.2,"memoria_mb":6,"status":200}
